0	-50.152400759641	0.016416503294051
0.02	-50.7356524587382	-0.032833006588103
0.04	-50.6305946992735	-0.089378740156501
0.06	-49.6651501166063	-0.136804194117094
0.08	-48.1092084721202	-0.186053703999248
0.1	-45.7925037418551	-0.23347915795984
0.12	-42.7929235750693	-0.27725650007731
0.14	-39.2119030498666	-0.315561674430096
0.16	-35.0367627814842	-0.35021873693976
0.18	-30.2783708140046	-0.383051743527863
0.2	-25.1395973036354	-0.406764470508159
0.22	-19.6222535910572	-0.425005029723771
0.24	-13.8277747543737	-0.425005029723771
0.26	-7.78695358515229	-0.428653141566894
0.28	-1.65013135986828	-0.428653141566894
0.3	4.49755890949829	-0.426829085645333
0.32	10.5909089584521	-0.419532861959088
0.34	16.4632754443938	-0.390347967214108
0.36	22.2034140606645	-0.361163072469128
0.38	27.5722278374478	-0.33562628956727
0.4	32.5171878950114	-0.293673003371361
0.42	37.0364828926748	-0.257191884940136
0.44	40.9362993776324	-0.209766430979544
0.46	44.2438074600907	-0.158692865175829
0.48	46.9155349637193	-0.111267411215236
0.5	48.9315571410337	-0.062017901333083
0.52	50.1795708698474	-0.012768391450929
0.54	50.717539051934	0.041953286195909
0.56	50.5327823025305	0.093026851999624
0.58	49.6035645334718	0.136804194117094
0.6	47.9316970854384	0.191525871763931
0.62	45.5443500686367	0.237127269802963
0.64	42.5646946493356	0.275432444155749
0.66	38.920277200318	0.313737618508535
0.68	34.6926080522032	0.346570625096638
0.7	29.9432727881257	0.381227687606301
0.72	24.7773291675502	0.401292302743475
0.74	19.2147019379613	0.419532861959088
0.76	13.4220344419582	0.428653141566894
0.78	7.42468544906705	0.426829085645333
0.8	1.30416528990687	0.434125309331578
0.82	-4.82541157265543	0.421356917880649
0.84	-10.8825348080007	0.412236638272843
0.86	-16.8273549211595	0.386699855370985
0.88	-22.4950399102131	0.361163072469128
0.9	-27.8475516208726	0.328330065881025
0.92	-32.7635302275493	0.295497059292923
0.94	-37.2302963454804	0.259015940861698
0.96	-41.0866406541078	0.20429426321486
0.98	-44.4303755501746	0.164165032940513
1	-47.1002917131228	0.111267411215236
1.02	-49.0293695377767	0.062017901333083
1.04	-50.2230430461776	0.009120279607806
1.06	-50.7012369858101	-0.04377734211747
1.08	-50.5237255991283	-0.096674963842746
1.1	-49.5691490605437	-0.142276361881778
1.12	-47.870111502304	-0.180581536234564
1.14	-45.4918211889043	-0.240775381646085
1.16	-42.3962399660559	-0.280904611920433
1.18	-38.6811802305018	-0.310089506665413
1.2	-34.4716244891912	-0.348394681018199
1.22	-29.6770057081031	-0.37940363168474
1.24	-24.4766466145994	-0.406764470508159
1.26	-18.8868492748041	-0.421356917880649
1.28	-13.0579549651926	-0.428653141566894
1.3	-7.00083172984731	-0.435949365253139
1.32	-0.871254867285008	-0.434125309331578
1.34	5.26737869867943	-0.426829085645333
1.36	11.3245019340247	-0.40858852642972
1.38	17.2421519369771	-0.39399607905723
1.4	22.902591563309	-0.359339016547566
1.42	28.1826496467514	-0.324681954037903
1.44	33.0913828907065	-0.293673003371361
1.46	37.5581490086375	-0.249895661253891
1.48	41.3782665036564	-0.207942375057983
1.5	44.615132299578	-0.149572585568023
1.52	47.207160813268	-0.111267411215236
1.54	49.0909551209112	-0.051073565803715
1.56	50.2846286293121	-0.012768391450929
1.58	50.7265957553361	0.045601398039031
1.6	50.4530833125917	0.098499019764308
1.62	49.4188077840684	0.1459244737249
1.64	47.6581846426941	0.195173983607054
1.66	45.2255541088817	0.249895661253891
1.68	42.1571429962397	0.286376779685116
1.7	38.4239698538813	0.319209786273219
1.72	34.1166017158277	0.353866848782883
1.74	29.3147375720178	0.388523911292546
1.76	24.1234351819163	0.395820134978791
1.78	18.4974110285125	0.421356917880649
1.8	12.6703280595814	0.430477197488455
1.82	6.67297906669017	0.4377734211747
1.84	0.543402204127864	0.426829085645333
1.86	-5.59342002115614	0.425005029723771
1.88	-11.6795247073882	0.403116358665036
1.9	-17.55189119333	0.384875799449424
1.92	-23.1688586433317	0.357514960626005
1.94	-28.439860023372	0.328330065881025
1.96	-33.3576499707291	0.288200835606678
1.98	-37.742905758041	0.251719717175453
2	-41.546721186936	0.198822095450176
2.02	-44.7491715099296	0.158692865175829
2.04	-47.3575020897433	0.100323075685869
2.06	-49.2322396939845	0.054721677646838
2.08	-50.3552709158487	-0.003648111843123
2.1	-50.717539051934	-0.052897621725276
2.12	-50.4349699057875	-0.103971187528991
2.14	-49.391637673862	-0.151396641489584
2.16	-47.6400712358898	-0.196998039528615
2.18	-45.1295530528191	-0.246247549410769
2.2	-41.9452161366298	-0.280904611920433
2.22	-38.2210996976735	-0.32103384219478
2.24	-33.8956181528157	-0.353866848782883
2.26	-29.0321684258713	-0.383051743527863
2.28	-23.8046392221613	-0.404940414586598
2.3	-18.2057851789639	-0.421356917880649
2.32	-12.3153052862178	-0.426829085645333
2.34	-6.2400686440683	-0.430477197488455
2.36	-0.11954848490813	-0.426829085645333
2.38	6.03719848786057	-0.42318097380221
2.4	12.0762083164016	-0.406764470508159
2.42	17.9413294396216	-0.383051743527863
2.44	23.5927123625514	-0.353866848782883
2.46	28.8365436323853	-0.322857898116341
2.48	33.692747996608	-0.286376779685116
2.5	38.061701717796	-0.249895661253891
2.52	41.8292903330825	-0.193349927685493
2.54	44.9955138424676	-0.147748529646461
2.56	47.4716165526102	-0.10214713160743
2.58	49.3119386839232	-0.052897621725276
2.6	50.4005544328594	0
2.62	50.7356524587382	0.047425453960593
2.64	50.3552709158487	0.10214713160743
2.66	49.2412963973866	0.156868809254268
2.68	47.4100309694757	0.193349927685493
2.7	44.8904560830028	0.244423493489208
2.72	41.7332892770199	0.284552723763555
2.74	37.9113604413206	0.319209786273219
2.76	33.5424067201326	0.357514960626005
2.78	28.6952590593121	0.386699855370985
2.8	23.4061442724675	0.399468246821914
2.82	17.7909881631463	0.425005029723771
2.84	11.9258670399262	0.425005029723771
2.86	5.90315927750903	0.428653141566894
2.88	-0.208304178249014	0.432301253410016
2.9	-6.34512640353302	0.421356917880649
2.92	-12.4402877931672	0.395820134978791
2.94	-18.2854841689026	0.384875799449424
2.96	-23.8662248052958	0.35021873693976
2.98	-29.0846973056037	0.317385730351658
3	-33.9409016698264	0.284552723763555
3.02	-38.2392131044778	0.238951325724524
3.04	-42.0158584231664	0.191525871763931
3.06	-45.1549118223451	0.153220697411145
3.08	-47.623769169766	0.093026851999624
3.1	-49.4097510806662	0.049249509882154
3.12	-50.4349699057875	0.007296223686245
3.14	-50.7628225689446	-0.05836978948996
3.16	-50.3389688497249	-0.107619299372114
3.18	-49.2141262871802	-0.162340977018951
3.2	-47.3484453863412	-0.202470207293299
3.22	-44.7491715099296	-0.251719717175453
3.24	-41.5195510767297	-0.284552723763555
3.26	-37.7266036919172	-0.328330065881025
3.28	-33.2851963435121	-0.359339016547566
3.3	-28.3855198029592	-0.381227687606301
3.32	-23.1054617195168	-0.406764470508159
3.34	-17.4721922033912	-0.421356917880649
3.36	-11.5817123106452	-0.426829085645333
3.38	-5.47930555828929	-0.432301253410016
3.4	0.677441414479404	-0.428653141566894
3.42	6.79615023295915	-0.42318097380221
3.44	12.8206693360567	-0.404940414586598
3.46	18.65680900839	-0.375755519841618
3.48	24.2466063481853	-0.353866848782883
3.5	29.4650788484932	-0.315561674430096
3.52	34.2669429923031	-0.284552723763555
3.54	38.5670657676349	-0.237127269802963
3.56	42.2549553929827	-0.191525871763931
3.58	45.3233665056247	-0.142276361881778
3.6	47.7559970394371	-0.100323075685869
3.62	49.4713366638007	-0.04377734211747
3.64	50.4530833125917	0.012768391450929
3.66	50.717539051934	0.062017901333083
3.68	50.2592698597861	0.10214713160743
3.7	49.047482944581	0.16051692109739
3.72	47.1184051199271	0.213414542822666
3.74	44.4919611333091	0.260839996783259
3.76	41.2822654475938	0.290024891528239
3.78	37.4078077321621	0.324681954037903
3.8	32.9500983176332	0.357514960626005
3.82	28.0594784804825	0.388523911292546
3.84	22.7178348139056	0.403116358665036
3.86	17.0736972536975	0.419532861959088
3.88	11.1832173609514	0.428653141566894
3.9	5.14239619173002	0.435949365253139
3.92	-0.98536933015186	0.425005029723771
3.94	-7.12400289611629	0.42318097380221
3.96	-13.1213518890075	0.397644190900353
3.98	-18.9937183749493	0.381227687606301
4	-24.547288901136	0.348394681018199
4.02	-29.7385912912376	0.315561674430096
4.04	-34.4969832587172	0.275432444155749
4.06	-38.7518225170384	0.23347915795984
4.08	-42.4397121423862	0.18970181584237
4.1	-45.5171799584303	0.138628250038655
4.12	-47.9153950193146	0.093026851999624
4.14	-49.5691490605437	0.040129230274348
4.16	-50.496555488922	-0.01459244737249
4.18	-50.7356524587382	-0.060193845411521
4.2	-50.2411564529819	-0.111267411215236
4.22	-49.0203128343746	-0.165989088862074
4.24	-47.0387061299883	-0.207942375057983
4.26	-44.3687899670401	-0.255367829018575
4.28	-41.0685272473035	-0.286376779685116
4.3	-37.177767465748	-0.330154121802586
4.32	-32.6928879410127	-0.353866848782883
4.34	-27.7587959275317	-0.388523911292546
4.36	-22.4243976236765	-0.404940414586598
4.38	-16.7204858210144	-0.42318097380221
4.4	-10.8028358180619	-0.428653141566894
4.42	-4.72759917591242	-0.430477197488455
4.44	1.42914779685628	-0.428653141566894
4.46	7.57502672554242	-0.419532861959088
4.48	13.5452056082272	-0.39399607905723
4.5	19.4085153907669	-0.370283352076934
4.52	24.9186137406234	-0.342922513253515
4.54	30.0936140646011	-0.310089506665413
4.56	34.8429493286786	-0.273608388234188
4.58	39.0615617733913	-0.231655102038279
4.6	42.6697524088003	-0.187877759920809
4.62	45.6765779383078	-0.13133202635241
4.64	48.0204527787793	-0.093026851999624
4.66	49.612621236874	-0.04377734211747
4.68	50.5327823025305	0.016416503294051
4.7	50.7102936892123	0.065666013176205
4.72	50.152400759641	0.114915523058359
4.74	48.8337447442907	0.165989088862074
4.76	46.8448926771827	0.213414542822666
4.78	44.1296929972238	0.259015940861698
4.8	40.8312416181677	0.2918489474498
4.82	36.858971505993	0.333802233645709
4.84	32.3759033219381	0.366635240233811
4.86	27.4128298575703	0.386699855370985
4.88	22.044016080787	0.410412582351281
4.9	16.3401042781249	0.425005029723771
4.92	10.4405676819767	0.432301253410016
4.94	4.36533103982717	0.432301253410016
4.96	-1.77330252613726	0.426829085645333
4.98	-7.87570927849317	0.414060694194404
5	-13.9074737443125	0.404940414586598
5.02	-19.7544814607283	0.373931463920056
5.04	-25.1848808206461	0.346570625096638
5.06	-30.3236543310152	0.311913562586974
5.08	-35.0548761882885	0.271784332312626
5.1	-39.2028463464645	0.231655102038279
5.12	-42.8382070920799	0.202470207293299
5.14	-45.8722027317938	0.133156082273971
5.16	-48.1454352857287	0.08755468423494
5.18	-49.7629625133493	0.032833006588103
5.2	-50.5237255991283	-0.016416503294051
5.22	-50.717539051934	-0.060193845411521
5.24	-50.0998718799086	-0.118563634901481
5.26	-48.7902725679605	-0.167813144783635
5.28	-46.7742503906461	-0.209766430979544
5.3	-44.0047104902744	-0.255367829018575
5.32	-40.6175034178774	-0.293673003371361
5.34	-36.6289312395789	-0.331978177724148
5.36	-32.1096362419155	-0.361163072469128
5.38	-27.1302607114238	-0.39399607905723
5.4	-21.7270314617124	-0.406764470508159
5.42	-16.0122516149677	-0.42318097380221
5.44	-10.0601861390872	-0.426829085645333
5.46	-3.95777938673127	-0.425005029723771
5.48	2.197156245357	-0.42318097380221
5.5	8.30137433839333	-0.406764470508159
5.52	14.287855287202	-0.390347967214108
5.54	20.0986361900093	-0.368459296155373
5.56	25.6177912432679	-0.326506009959464
5.58	30.7130925773069	-0.299145171136045
5.6	35.4171443243737	-0.266312164547943
5.62	39.5397557130238	-0.228006990195156
5.64	43.0863607652983	-0.178757480313003
5.66	46.0044306014649	-0.129507970430849
5.68	48.2595497485956	-0.085730628313379
5.7	49.7901326235557	-0.036481118431225
5.72	50.6124812924692	0.023712726980296
5.74	50.6740668756037	0.071138180940889
5.76	50.0382862967741	0.122211746744604
5.78	48.6127611812787	0.171461256626758
5.8	46.5351534208298	0.220710766508911
5.82	43.7746702238603	0.259015940861698
5.84	40.3621043819373	0.300969227057606
5.86	36.3373053900303	0.337450345488831
5.88	31.7745382160366	0.362987128390689
5.9	26.7861059821428	0.392172023135669
5.92	21.3285365120187	0.403116358665036
5.94	15.6228133686761	0.42318097380221
5.96	9.67980459619768	0.426829085645333
5.98	3.60456795404816	0.432301253410016
6	-2.5431223153184	0.425005029723771
6.02	-8.63647236427218	0.412236638272843
6.04	-14.6682368300915	0.392172023135669
6.06	-20.39931874296	0.375755519841618
6.08	-25.8568882130842	0.33562628956727
6.1	-30.9956617234533	0.313737618508535
6.12	-35.6218258212619	0.266312164547943
6.14	-39.6991536929013	0.224358878352034
6.16	-43.2711175147018	0.180581536234564
6.18	-46.1547718779403	0.133156082273971
6.2	-48.4008343216688	0.078434404627134
6.22	-49.8879450202988	0.036481118431225
6.24	-50.594367885665	-0.025536782901858
6.26	-50.692180282408	-0.07296223686245
6.28	-49.9930027797635	-0.120387690823043
6.3	-48.5964591151549	-0.169637200705196
6.32	-46.4554544308911	-0.220710766508911
6.34	-43.633385650787	-0.26266405270482
6.36	-40.1411208189253	-0.299145171136045
6.38	-36.098208420214	-0.330154121802586
6.4	-31.508271136014	-0.361163072469128
6.42	-26.4401399121814	-0.390347967214108
6.44	-21.0459673658722	-0.406764470508159
6.46	-15.269601935993	-0.421356917880649
6.48	-9.28312098718434	-0.426829085645333
6.5	-3.16984619074587	-0.428653141566894
6.52	2.96697603453814	-0.426829085645333
6.54	9.07843949029618	-0.414060694194404
6.56	15.0305049661767	-0.39399607905723
6.58	20.8068703960559	-0.36481118431225
6.6	26.2644398661801	-0.337450345488831
6.62	31.3217030459301	-0.300969227057606
6.64	35.9659805505429	-0.26266405270482
6.66	40.0161383119759	-0.217062654665789
6.68	43.4830443743117	-0.167813144783635
6.7	46.32322656122	-0.127683914509288
6.72	48.4895900150097	-0.080258460548695
6.74	49.931417196629	-0.027360838823419
6.76	50.6559534687995	0.031008950666541
6.78	50.6396514026756	0.078434404627134
6.8	49.9042470864226	0.125859858587726
6.82	48.4189477284731	0.17510936846988
6.84	46.2344708678791	0.231655102038279
6.86	43.3689299114448	0.26266405270482
6.88	39.8839104423048	0.30644139482229
6.9	35.7884691638611	0.333802233645709
6.92	31.164116406733	0.368459296155373
6.94	26.1050418863026	0.392172023135669
6.96	20.6040002398482	0.403116358665036
6.98	14.9073337999077	0.417708806037526
7	8.9280982138208	0.432301253410016
7.02	2.85286157167128	0.425005029723771
7.04	-3.30388540109741	0.42318097380221
7.06	-9.37912204324693	0.401292302743475
7.08	-15.4018298056641	0.39399607905723
7.1	-21.1256663558109	0.36481118431225
7.12	-26.5198389021202	0.342922513253515
7.14	-31.5789134225506	0.304617338900729
7.16	-36.1597940033485	0.259015940861698
7.18	-40.1936496986577	0.220710766508911
7.2	-43.6605557609934	0.173285312548319
7.22	-46.4826245410975	0.120387690823043
7.24	-48.6037044778766	0.083906572391818
7.26	-50.0111161865677	0.027360838823419
7.28	-50.6831235790059	-0.02918489474498
7.3	-50.6468967653973	-0.080258460548695
7.32	-49.8607749100924	-0.129507970430849
7.34	-48.3827209148646	-0.178757480313003
7.36	-46.1547718779403	-0.222534822430473
7.38	-43.2367020417737	-0.264488108626381
7.4	-39.706399055623	-0.300969227057606
7.42	-35.558428897447	-0.33562628956727
7.44	-30.8887926233082	-0.361163072469128
7.46	-25.7862459265476	-0.397644190900353
7.48	-20.3467898632276	-0.40858852642972
7.5	-14.5360089604204	-0.421356917880649
7.52	-8.52960326412704	-0.426829085645333
7.54	-2.40183774224516	-0.428653141566894
7.56	3.74585252712141	-0.425005029723771
7.58	9.82108916927093	-0.40858852642972
7.6	15.7659092824298	-0.39399607905723
7.62	21.5223499648243	-0.359339016547566
7.64	26.9092771484118	-0.33562628956727
7.66	31.9321248552337	-0.299145171136045
7.68	36.4876466665056	-0.251719717175453
7.7	40.467162141402	-0.217062654665789
7.72	43.8815393240054	-0.165989088862074
7.74	46.6239091141707	-0.124035802666165
7.76	48.7196302814238	-0.07296223686245
7.78	50.0636450663001	-0.018240559215613
7.8	50.692180282408	0.031008950666541
7.82	50.5853111822628	0.085730628313379
7.84	49.7285470404212	0.129507970430849
7.86	48.188907462059	0.178757480313003
7.88	45.9066182047219	0.229831046116718
7.9	42.970434961751	0.266312164547943
7.92	39.4328866128786	0.304617338900729
7.94	35.2414442783724	0.33562628956727
7.96	30.5627513008315	0.370283352076934
7.98	25.4493365599883	0.390347967214108
8	19.9482949135339	0.412236638272843
8.02	14.1556274175309	0.425005029723771
8.04	8.15827842463966	0.430477197488455
8.06	2.07398507908801	0.428653141566894
8.08	-4.07370519027855	0.42318097380221
8.1	-10.1579985358302	0.404940414586598
8.12	-16.1100640117107	0.390347967214108
8.14	-21.8320892211771	0.36481118431225
8.16	-27.1664875250323	0.330154121802586
8.18	-32.1802785284521	0.300969227057606
8.2	-36.6905168227134	0.259015940861698
8.22	-40.6356168246817	0.217062654665789
8.24	-44.0499940072851	0.167813144783635
8.26	-46.7923637974504	0.114915523058359
8.28	-48.8083859747647	0.069314125019328
8.3	-50.1089285833108	0.018240559215613
8.32	-50.692180282408	-0.036481118431225
8.34	-50.5599524127369	-0.080258460548695
8.36	-49.7013769302149	-0.136804194117094
8.38	-48.1182651755223	-0.180581536234564
8.4	-45.7653336316487	-0.228006990195156
8.42	-42.7929235750693	-0.268136220469504
8.44	-39.1847329396603	-0.310089506665413
8.46	-34.993290605154	-0.337450345488831
8.48	-30.2874275174067	-0.368459296155373
8.5	-25.1395973036354	-0.399468246821914
8.52	-19.6294989537789	-0.414060694194404
8.54	-13.7843025780435	-0.425005029723771
8.56	-7.77789688175016	-0.426829085645333
8.58	-1.65013135986828	-0.426829085645333
8.6	4.52472901970468	-0.421356917880649
8.62	10.5999656618542	-0.410412582351281
8.64	16.5176156648066	-0.390347967214108
8.66	22.2215274674688	-0.357514960626005
8.68	27.5541144306435	-0.326506009959464
8.7	32.5334899611352	-0.2918489474498
8.72	37.0274261892726	-0.249895661253891
8.74	40.9272426742303	-0.209766430979544
8.76	44.2528641634928	-0.156868809254268
8.78	46.9245916671215	-0.11673957897992
8.8	48.9315571410337	-0.067490069097766
8.82	50.1795708698474	-0.012768391450929
8.84	50.717539051934	0.034657062509664
8.86	50.5327823025305	0.091202796078063
8.88	49.5945078300697	0.133156082273971
8.9	47.9244517227167	0.180581536234564
8.92	45.5443500686367	0.235303213881401
8.94	42.5556379459334	0.271784332312626
8.96	38.920277200318	0.311913562586974
8.98	34.6835513488011	0.342922513253515
9	29.9523294915279	0.373931463920056
9.02	24.768272464148	0.392172023135669
9.04	19.2147019379613	0.415884750115965
9.06	13.403921035154	0.425005029723771
9.08	7.41562874566492	0.425005029723771
9.1	1.29510858650474	0.432301253410016
9.12	-4.8507703421814	0.432301253410016
9.14	-10.9368750284135	0.399468246821914
9.16	-16.8273549211595	0.388523911292546
9.18	-22.4877945474914	0.357514960626005
9.2	-27.8547969835943	0.328330065881025
9.22	-32.7816436343536	0.290024891528239
9.24	-37.2212396420782	0.251719717175453
9.26	-41.1319241711184	0.211590486901105
9.28	-44.4557343197005	0.162340977018951
9.3	-47.1002917131228	0.114915523058359
9.32	-49.0203128343746	0.067490069097766
9.34	-50.2592698597861	0.01459244737249
9.36	-50.7447091621403	-0.036481118431225
9.38	-50.471196719396	-0.096674963842746
9.4	-49.6035645334718	-0.134980138195533
9.42	-47.8972816125103	-0.186053703999248
9.44	-45.4555943752958	-0.229831046116718
9.46	-42.3690698558495	-0.269960276391065
9.48	-38.7083503407082	-0.310089506665413
9.5	-34.4172842687785	-0.341098457331954
9.52	-29.6516469385771	-0.368459296155373
9.54	-24.4585332077951	-0.392172023135669
9.56	-18.8959059782063	-0.412236638272843
9.58	-13.0325961956666	-0.42318097380221
9.6	-7.00083172984731	-0.42318097380221
9.62	-0.862198163882877	-0.426829085645333
9.64	5.27643540208156	-0.415884750115965
9.66	11.3335586374268	-0.404940414586598
9.68	17.2240385301729	-0.383051743527863
9.7	22.9207049701133	-0.353866848782883
9.72	28.21887646036	-0.328330065881025
9.74	33.1094962975107	-0.286376779685116
9.76	37.5490923052354	-0.24807160533233
9.78	41.3873232070585	-0.209766430979544
9.8	44.6513591131866	-0.149572585568023
9.82	47.207160813268	-0.107619299372114
9.84	49.1000118243134	-0.05836978948996
9.86	50.2936853327142	-0.012768391450929
9.88	50.7265957553361	0.040129230274348
9.9	50.4440266091896	0.100323075685869
9.92	49.4188077840684	0.136804194117094
9.94	47.6944114563026	0.195173983607054
9.96	45.2255541088817	0.242599437567646
9.98	42.1480862928375	0.275432444155749
10	38.4239698538813	0.317385730351658
10.02	34.1166017158277	0.342922513253515
10.04	29.32379427542	0.377579575763179
10.06	24.1143784785142	0.395820134978791
10.08	18.5245811387189	0.412236638272843
10.1	12.6522146527771	0.426829085645333
10.12	6.64580895648377	0.432301253410016
10.14	0.527100138004028	0.432301253410016
10.16	-5.61153342796041	0.419532861959088
10.18	-11.6704680039861	0.395820134978791
10.2	-17.5790613035364	0.383051743527863
10.22	-23.1851607094555	0.357514960626005
10.24	-28.5014456065065	0.324681954037903
10.26	-33.3576499707291	0.286376779685116
10.28	-37.7519624614431	0.244423493489208
10.3	-41.5738912971424	0.206118319136421
10.32	-44.7835869828577	0.158692865175829
10.34	-47.3575020897433	0.109443355293675
10.36	-49.2068809244585	0.054721677646838
10.38	-50.373384322653	0.009120279607806
10.4	-50.7628225689446	-0.051073565803715
10.42	-50.4349699057875	-0.096674963842746
10.44	-49.4097510806662	-0.144100417803339
10.46	-47.5965990595596	-0.191525871763931
10.48	-45.1295530528191	-0.246247549410769
10.5	-41.9705749061558	-0.275432444155749
10.52	-38.2210996976735	-0.319209786273219
10.54	-33.8612026798876	-0.346570625096638
10.56	-28.9868849088607	-0.37940363168474
10.58	-23.7702237492332	-0.388523911292546
10.6	-18.18948311284	-0.414060694194404
10.62	-12.299003220094	-0.421356917880649
10.64	-6.22195523726404	-0.428653141566894
10.66	-0.06701960517577	-0.426829085645333
10.68	6.04444385058227	-0.414060694194404
10.7	12.0689629536799	-0.399468246821914
10.72	17.9503861430238	-0.386699855370985
10.74	23.5927123625514	-0.346570625096638
10.76	28.8546570391896	-0.322857898116341
10.78	33.692747996608	-0.279080555998871
10.8	38.0707584211981	-0.244423493489208
10.82	41.8202336296804	-0.198822095450176
10.84	44.9955138424676	-0.151396641489584
10.86	47.4897299594144	-0.10214713160743
10.88	49.3119386839232	-0.052897621725276
10.9	50.4005544328594	-0.003648111843123
10.92	50.7356524587382	0.047425453960593
10.94	50.3552709158487	0.100323075685869
10.96	49.2068809244585	0.140452305960216
10.98	47.4009742660736	0.193349927685493
11	44.8723426761986	0.244423493489208
11.02	41.7332892770199	0.275432444155749
11.04	37.9023037379185	0.319209786273219
11.06	33.5424067201326	0.344746569175076
11.08	28.6862023559099	0.377579575763179
11.1	23.4061442724675	0.401292302743475
11.12	17.8000448665484	0.421356917880649
11.14	11.9095649738024	0.430477197488455
11.16	5.88685721138519	0.425005029723771
11.18	-0.233662947774981	0.426829085645333
11.2	-6.35418310693515	0.414060694194404
11.22	-12.4402877931672	0.401292302743475
11.24	-18.2945408723047	0.381227687606301
11.26	-23.8662248052958	0.357514960626005
11.28	-29.1299808226144	0.324681954037903
11.3	-33.9499583732285	0.282728667841994
11.32	-38.2736285774059	0.251719717175453
11.34	-41.9977450163622	0.198822095450176
11.36	-45.1639685257472	0.156868809254268
11.38	-47.6581846426941	0.107619299372114
11.4	-49.391637673862	0.051073565803715
11.42	-50.4440266091896	0.007296223686245
11.44	-50.7447091621403	-0.051073565803715
11.46	-50.3462142124466	-0.10214713160743
11.48	-49.2231829905823	-0.153220697411145
11.5	-47.304973210011	-0.195173983607054
11.52	-44.7654735760534	-0.238951325724524
11.54	-41.5032490106058	-0.275432444155749
11.56	-37.6903768783086	-0.322857898116341
11.58	-33.2779509807904	-0.346570625096638
11.6	-28.3782744402375	-0.375755519841618
11.62	-23.0891596533929	-0.395820134978791
11.64	-17.4359653897827	-0.417708806037526
11.66	-11.5291834309128	-0.421356917880649
11.68	-5.46119215148503	-0.430477197488455
11.7	0.693743480603239	-0.425005029723771
11.72	6.81426363976341	-0.417708806037526
11.74	12.8369714021806	-0.399468246821914
11.76	18.6930358219985	-0.386699855370985
11.78	24.2556630515874	-0.348394681018199
11.8	29.4922489586996	-0.322857898116341
11.82	34.2759996957052	-0.27725650007731
11.84	38.5924245371609	-0.244423493489208
11.86	42.2458986895806	-0.198822095450176
11.88	45.341479912429	-0.149572585568023
11.9	47.7650537428392	-0.100323075685869
11.92	49.4803933672029	-0.052897621725276
11.94	50.471196719396	0
11.96	50.7265957553361	0.051073565803715
11.98	50.27557192591	0.10214713160743
12	49.0565396479831	0.147748529646461
12.02	47.1365185267313	0.200646151371738
12.04	44.4919611333091	0.249895661253891
12.06	41.2822654475938	0.282728667841994
12.08	37.4078077321621	0.319209786273219
12.1	32.9500983176332	0.353866848782883
12.12	28.0685351838846	0.381227687606301
12.14	22.7178348139056	0.406764470508159
12.16	17.0736972536975	0.425005029723771
12.18	11.2013307677557	0.428653141566894
12.2	5.11703742220405	0.432301253410016
12.22	-1.01253944035825	0.425005029723771
12.24	-7.13305959951843	0.417708806037526
12.26	-13.1648240653377	0.403116358665036
12.28	-18.975604968145	0.37940363168474
12.3	-24.5563456045382	0.35021873693976
12.32	-29.7567046980418	0.319209786273219
12.34	-34.5060399621194	0.27725650007731
12.36	-38.7608792204405	0.240775381646085
12.38	-42.4143533728602	0.18970181584237
12.4	-45.5262366618324	0.1459244737249
12.42	-47.9244517227167	0.098499019764308
12.44	-49.6035645334718	0.047425453960593
12.46	-50.471196719396	0
12.48	-50.7628225689446	-0.056545733568399
12.5	-50.2592698597861	-0.105795243450553
12.52	-49.0203128343746	-0.156868809254268
12.54	-47.083989646999	-0.200646151371738
12.56	-44.4122621433703	-0.246247549410769
12.58	-41.0431684777775	-0.282728667841994
12.6	-37.2049375759544	-0.319209786273219
12.62	-32.6928879410127	-0.353866848782883
12.64	-27.7406825207274	-0.37940363168474
12.66	-22.4080955575527	-0.401292302743475
12.68	-16.7114291176122	-0.414060694194404
12.7	-10.7865337519381	-0.419532861959088
12.72	-4.67507029618005	-0.430477197488455
12.74	1.46356326978438	-0.421356917880649
12.76	7.58408342894455	-0.414060694194404
12.78	13.5886777845574	-0.399468246821914
12.8	19.417572094169	-0.373931463920056
12.82	24.9548405542319	-0.35021873693976
12.84	30.1280295375292	-0.319209786273219
12.86	34.8338926252765	-0.279080555998871
12.88	39.0796751801955	-0.238951325724524
12.9	42.6697524088003	-0.195173983607054
12.92	45.6856346417099	-0.142276361881778
12.94	48.0204527787793	-0.096674963842746
12.96	49.6397913470804	-0.04377734211747
12.98	50.5508957093347	0.003648111843123
13	50.7102936892123	0.062017901333083
13.02	50.152400759641	0.107619299372114
13.04	48.8337447442907	0.153220697411145
13.06	46.8539493805849	0.202470207293299
13.08	44.1478064040281	0.251719717175453
13.1	40.8384869808894	0.2918489474498
13.12	36.8861416161994	0.326506009959464
13.14	32.3759033219381	0.357514960626005
13.16	27.4218865609724	0.37940363168474
13.18	22.0367707180653	0.40858852642972
13.2	16.3672743883313	0.426829085645333
13.22	10.4496243853788	0.430477197488455
13.24	4.34721763302291	0.432301253410016
13.26	-1.78235922953939	0.432301253410016
13.28	-7.8847659818953	0.417708806037526
13.3	-13.9165304477146	0.401292302743475
13.32	-19.7182546471198	0.377579575763179
13.34	-25.2192962935742	0.35021873693976
13.36	-30.3580698039433	0.319209786273219
13.38	-35.0367627814842	0.275432444155749
13.4	-39.2463185227948	0.231655102038279
13.42	-42.8382070920799	0.193349927685493
13.44	-45.8359759181853	0.1459244737249
13.46	-48.1273218789245	0.093026851999624
13.48	-49.7194903370191	0.040129230274348
13.5	-50.5599524127369	-0.007296223686245
13.52	-50.717539051934	-0.063841957254644
13.54	-50.1342873528367	-0.107619299372114
13.56	-48.8083859747647	-0.162340977018951
13.58	-46.7833070940482	-0.207942375057983
13.6	-44.0228238970787	-0.255367829018575
13.62	-40.5921446483514	-0.290024891528239
13.64	-36.6198745361767	-0.330154121802586
13.66	-32.0824661317091	-0.355690904704444
13.68	-27.0940338978153	-0.384875799449424
13.7	-21.7179747583103	-0.399468246821914
13.72	-15.9687794386375	-0.42318097380221
13.74	-10.0076572593548	-0.421356917880649
13.76	-3.91430721040105	-0.428653141566894
13.78	2.22432635556339	-0.417708806037526
13.8	8.34484651472356	-0.414060694194404
13.82	14.3240821008105	-0.399468246821914
13.84	20.1348630036178	-0.377579575763179
13.86	25.6087345398658	-0.342922513253515
13.88	30.7130925773069	-0.313737618508535
13.9	35.4080876209716	-0.271784332312626
13.92	39.5560577791476	-0.229831046116718
13.94	43.0863607652983	-0.186053703999248
13.96	46.0044306014649	-0.140452305960216
13.98	48.2595497485956	-0.091202796078063
14	49.7901326235557	-0.038305174352786
14.02	50.6124812924692	0.009120279607806
14.04	50.6740668756037	0.063841957254644
14.06	50.029229593372	0.114915523058359
14.08	48.630874588083	0.162340977018951
14.1	46.5351534208298	0.213414542822666
14.12	43.7583681577365	0.255367829018575
14.14	40.3711610853394	0.297321115214484
14.16	36.3282486866281	0.326506009959464
14.18	31.7473681058302	0.359339016547566
14.2	26.7589358719364	0.37940363168474
14.22	21.3194798086165	0.410412582351281
14.24	15.588397895748	0.425005029723771
14.26	9.64538912326958	0.432301253410016
14.28	3.55928443703751	0.432301253410016
14.3	-2.56123572212266	0.425005029723771
14.32	-8.69805794740667	0.414060694194404
14.34	-14.7207657098238	0.395820134978791
14.36	-20.4609043260945	0.372107407998495
14.38	-25.9003603894144	0.344746569175076
14.4	-31.0047184268555	0.311913562586974
14.42	-35.6834114043964	0.282728667841994
14.44	-39.7770413421596	0.237127269802963
14.46	-43.3073443283103	0.184229648077686
14.48	-46.2073007576727	0.144100417803339
14.5	-48.3917776182667	0.08755468423494
14.52	-49.9404739000311	0.045601398039031
14.54	-50.6559534687995	-0.01459244737249
14.56	-50.717539051934	-0.065666013176205
14.58	-50.0201728899699	-0.118563634901481
14.6	-48.5964591151549	-0.169637200705196
14.62	-46.4645111342932	-0.213414542822666
14.64	-43.6243289473849	-0.251719717175453
14.66	-40.1664795884513	-0.299145171136045
14.68	-36.1072651236161	-0.330154121802586
14.7	-31.4720443224054	-0.362987128390689
14.72	-26.4491966155836	-0.386699855370985
14.74	-21.0459673658722	-0.40858852642972
14.76	-15.2605452325908	-0.419532861959088
14.78	-9.26500758038008	-0.42318097380221
14.8	-3.16260082802417	-0.425005029723771
14.82	2.99414614474453	-0.426829085645333
14.84	9.10560960050257	-0.414060694194404
14.86	15.0305049661767	-0.395820134978791
14.88	20.7978136926538	-0.373931463920056
14.9	26.2807419323039	-0.344746569175076
14.92	31.3217030459301	-0.30644139482229
14.94	35.9840939573471	-0.27725650007731
14.96	40.0070816085738	-0.226182934273595
14.98	43.4830443743117	-0.182405592156125
15	46.3141698578178	-0.133156082273971
15.02	48.4805333116076	-0.085730628313379
15.04	49.9404739000311	-0.032833006588103
15.06	50.6468967653973	0.018240559215613
15.08	50.6396514026756	0.069314125019328
15.1	49.9042470864226	0.120387690823043
15.12	48.4008343216688	0.176933424391441
15.14	46.2254141644769	0.215238598744228
15.16	43.3689299114448	0.264488108626381
15.18	39.902023849109	0.302793282979168
15.2	35.7884691638611	0.333802233645709
15.22	31.164116406733	0.36481118431225
15.24	26.1050418863026	0.386699855370985
15.26	20.6293590093741	0.414060694194404
15.28	14.8638616235775	0.426829085645333
15.3	8.90998480701654	0.430477197488455
15.32	2.7985213512585	0.4377734211747
15.34	-3.34735757742764	0.432301253410016
15.36	-9.43346226365972	0.42318097380221
15.38	-15.4289999158705	0.390347967214108
15.4	-21.160081828739	0.377579575763179
15.42	-26.5814244852547	0.346570625096638
15.44	-31.6223855988808	0.310089506665413
15.46	-36.2050775203591	0.280904611920433
15.48	-40.24617857839	0.228006990195156
15.5	-43.7130846407258	0.184229648077686
15.52	-46.5532668276341	0.138628250038655
15.54	-48.6218178846808	0.082082516470256
15.56	-50.0817584731044	0.034657062509664
15.58	-50.6740668756037	-0.020064615137174
15.6	-50.7102936892123	-0.069314125019328
15.62	-49.9223604932269	-0.120387690823043
15.64	-48.4008343216688	-0.173285312548319
15.66	-46.1366584711361	-0.213414542822666
15.68	-43.2276453383716	-0.260839996783259
15.7	-39.681040286097	-0.297321115214484
15.72	-35.5765423042512	-0.333802233645709
15.74	-30.8797359199061	-0.361163072469128
15.76	-25.7862459265476	-0.386699855370985
15.78	-20.2942609834953	-0.406764470508159
15.8	-14.5269522570182	-0.414060694194404
15.82	-8.49518779119894	-0.426829085645333
15.84	-2.3837243354409	-0.426829085645333
15.86	3.76396593392567	-0.417708806037526
15.88	9.85731598287945	-0.40858852642972
15.9	15.7731546451515	-0.390347967214108
15.92	21.5223499648243	-0.362987128390689
15.94	26.9436926213399	-0.341098457331954
15.96	31.924879492512	-0.308265450743851
15.98	36.5238734801142	-0.264488108626381
16	40.4852755482063	-0.21888671058735
16.02	43.8905960274076	-0.178757480313003
16.04	46.6148524107686	-0.13133202635241
16.06	48.7105735780217	-0.080258460548695
16.08	50.0636450663001	-0.02918489474498
16.1	50.6831235790059	0.025536782901858
16.12	50.594367885665	0.071138180940889
16.14	49.7285470404212	0.125859858587726
16.16	48.188907462059	0.176933424391441
16.18	45.9156749081241	0.222534822430473
16.2	42.9794916651532	0.269960276391065
16.22	39.4057165026723	0.302793282979168
16.24	35.2233308715681	0.337450345488831
16.26	30.5627513008315	0.366635240233811
16.28	25.4402798565862	0.39399607905723
16.3	19.9229361440079	0.419532861959088
16.32	14.1465707141287	0.425005029723771
16.34	8.16733512804179	0.439597477096261
16.36	2.03775826547949	0.435949365253139
16.38	-4.09906395980452	0.439597477096261
16.4	-10.2014707121604	0.417708806037526
16.42	-16.153536188041	0.401292302743475
16.44	-21.8683160347857	0.372107407998495
16.46	-27.2190164047647	0.346570625096638
16.48	-32.2165053420606	0.308265450743851
16.5	-36.7267436363219	0.271784332312626
16.52	-40.6972024078161	0.224358878352034
16.54	-44.075352776811	0.184229648077686
16.56	-46.8448926771827	0.122211746744604
16.58	-48.8699715578992	0.082082516470256
16.6	-50.1795708698474	0.027360838823419
16.62	-50.7102936892123	-0.020064615137174
16.64	-50.6396514026756	-0.076610348705573
16.66	-49.7539058099472	-0.127683914509288
16.68	-48.1798507586568	-0.17510936846988
16.7	-45.8015604452572	-0.228006990195156
16.72	-42.7766215089454	-0.264488108626381
16.74	-39.2119030498666	-0.304617338900729
16.76	-34.9842339017519	-0.339274401410393
16.78	-30.2439553410765	-0.372107407998495
16.8	-25.1486540070375	-0.392172023135669
16.82	-19.5769700740465	-0.419532861959088
16.84	-13.7843025780435	-0.42318097380221
16.86	-7.75253811222419	-0.432301253410016
16.88	-1.61390454625976	-0.421356917880649
16.9	4.53197438242638	-0.42318097380221
16.92	10.6090223652563	-0.412236638272843
16.94	16.5266723682088	-0.392172023135669
16.96	22.2486975776752	-0.366635240233811
16.98	27.5993979476542	-0.33562628956727
17	32.5171878950114	-0.302793282979168
17.02	37.0455395960769	-0.26266405270482
17.04	40.9453560810345	-0.211590486901105
17.06	44.2619208668949	-0.171461256626758
17.08	46.9245916671215	-0.118563634901481
17.1	48.9315571410337	-0.076610348705573
17.12	50.1886275732495	-0.012768391450929
17.14	50.717539051934	0.02918489474498
17.16	50.5146688957262	0.078434404627134
17.18	49.5945078300697	0.13133202635241
17.2	47.9153950193146	0.17510936846988
17.22	45.5352933652346	0.222534822430473
17.24	42.5719400120573	0.273608388234188
17.26	38.9293339037202	0.310089506665413
17.28	34.6473245351926	0.344746569175076
17.3	29.9342160847236	0.373931463920056
17.32	24.768272464148	0.403116358665036
17.34	19.2147019379613	0.415884750115965
17.36	13.4129777385561	0.430477197488455
17.38	7.39026997613895	0.434125309331578
17.4	1.27880652038091	0.432301253410016
17.42	-4.85982704558353	0.428653141566894
17.44	-10.9531770945373	0.414060694194404
17.46	-16.888940504294	0.39399607905723
17.48	-22.5222100204195	0.368459296155373
17.5	-27.8547969835943	0.337450345488831
17.52	-32.8432292174881	0.302793282979168
17.54	-37.2828252252127	0.259015940861698
17.56	-41.1572829406444	0.220710766508911
17.58	-44.4557343197005	0.173285312548319
17.6	-47.1799907030616	0.122211746744604
17.62	-49.0909551209112	0.078434404627134
17.64	-50.2846286293121	0.027360838823419
17.66	-50.7447091621403	-0.031008950666541
17.68	-50.5599524127369	-0.080258460548695
17.7	-49.5691490605437	-0.133156082273971
17.72	-47.9153950193146	-0.178757480313003
17.74	-45.4918211889043	-0.224358878352034
17.76	-42.3781265592517	-0.268136220469504
17.78	-38.699293637306	-0.308265450743851
17.8	-34.4263409721806	-0.337450345488831
17.82	-29.6679490047009	-0.370283352076934
17.84	-24.4422311416713	-0.39399607905723
17.86	-18.8868492748041	-0.40858852642972
17.88	-13.0416528990687	-0.425005029723771
17.9	-6.98271832304305	-0.425005029723771
17.92	-0.862198163882877	-0.432301253410016
17.94	5.30179417160753	-0.42318097380221
17.96	11.3516720442311	-0.406764470508159
17.98	17.2512086403792	-0.390347967214108
18	22.9207049701133	-0.366635240233811
18.02	28.2098197569578	-0.331978177724148
18.04	33.1185530009129	-0.297321115214484
18.06	37.5762624154418	-0.255367829018575
18.08	41.3873232070585	-0.217062654665789
18.1	44.6423024097844	-0.171461256626758
18.12	47.207160813268	-0.118563634901481
18.14	49.1000118243134	-0.065666013176205
18.16	50.2846286293121	-0.020064615137174
18.18	50.7356524587382	0.040129230274348
18.2	50.4530833125917	0.083906572391818
18.22	49.4188077840684	0.140452305960216
18.24	47.6853547529005	0.184229648077686
18.26	45.2255541088817	0.237127269802963
18.28	42.1571429962397	0.27725650007731
18.3	38.4239698538813	0.315561674430096
18.32	34.1166017158277	0.346570625096638
18.34	29.3147375720178	0.381227687606301
18.36	24.0781516649056	0.404940414586598
18.38	18.5064677319146	0.425005029723771
18.4	12.6612713561792	0.426829085645333
18.42	6.63856359376207	0.4377734211747
18.44	0.518043434601897	0.430477197488455
18.46	-5.6387035381668	0.434125309331578
18.48	-11.7048834769142	0.412236638272843
18.5	-17.6134767764645	0.395820134978791
18.52	-23.2304442264662	0.366635240233811
18.54	-28.5105023099086	0.33562628956727
18.56	-33.4282922572658	0.302793282979168
18.58	-37.7791325716495	0.259015940861698
18.6	-41.5992500666684	0.211590486901105
18.62	-44.8723426761986	0.167813144783635
18.64	-47.4190876728778	0.111267411215236
18.66	-49.2847685737168	0.069314125019328
18.68	-50.3643276192508	0.01459244737249
18.7	-50.789992679151	-0.041953286195909
18.72	-50.4802534227981	-0.091202796078063
18.74	-49.4441665535943	-0.142276361881778
18.76	-47.649127939292	-0.195173983607054
18.78	-45.1295530528191	-0.23347915795984
18.8	-41.9705749061558	-0.273608388234188
18.82	-38.2301564010756	-0.310089506665413
18.84	-33.8793160866919	-0.352042792861321
18.86	-29.0412251292735	-0.377579575763179
18.88	-23.7521103424289	-0.390347967214108
18.9	-18.1967284755617	-0.412236638272843
18.92	-12.2899465166919	-0.428653141566894
18.94	-6.23101194066617	-0.435949365253139
18.96	-0.092378374701737	-0.428653141566894
18.98	6.06255725738653	-0.426829085645333
19	12.0943217232058	-0.404940414586598
19.02	17.9757449125497	-0.386699855370985
19.04	23.6017690659536	-0.361163072469128
19.06	28.8637137425917	-0.331978177724148
19.08	33.7108614034122	-0.293673003371361
19.1	38.061701717796	-0.249895661253891
19.12	41.8111769262783	-0.206118319136421
19.14	44.9864571390654	-0.162340977018951
19.16	47.4897299594144	-0.111267411215236
19.18	49.3119386839232	-0.060193845411521
19.2	50.3914977294572	-0.005472167764684
19.22	50.7356524587382	0.04377734211747
19.24	50.3643276192508	0.08755468423494
19.26	49.2068809244585	0.1459244737249
19.28	47.3937289033518	0.195173983607054
19.3	44.899512786405	0.242599437567646
19.32	41.7151758702157	0.279080555998871
19.34	37.9023037379185	0.326506009959464
19.36	33.5333500167305	0.357514960626005
19.38	28.6789569931882	0.37940363168474
19.4	23.4152009758696	0.40858852642972
19.42	17.7819314597441	0.42318097380221
19.44	11.9186216772045	0.434125309331578
19.46	5.86874380458093	0.441421533017823
19.48	-0.251776354579244	0.439597477096261
19.5	-6.39946662394581	0.432301253410016
19.52	-12.422174386363	0.412236638272843
19.54	-18.3470697520371	0.39399607905723
19.56	-23.9115083223064	0.36481118431225
19.58	-29.1734529989446	0.322857898116341
19.6	-33.9843738461566	0.297321115214484
19.62	-38.2917419842101	0.259015940861698
19.64	-42.0502738960945	0.209766430979544
19.66	-45.2001953393557	0.16051692109739
19.68	-47.6762980494984	0.107619299372114
19.7	-49.4532232569965	0.060193845411521
19.72	-50.4349699057875	0.007296223686245
19.74	-50.7972380418727	-0.049249509882154
19.76	-50.3643276192508	-0.098499019764308
19.78	-49.268466507593	-0.147748529646461
19.8	-47.3756154965476	-0.195173983607054
19.82	-44.7654735760534	-0.246247549410769
19.84	-41.5195510767297	-0.271784332312626
19.86	-37.717546988515	-0.319209786273219
19.88	-33.2851963435121	-0.353866848782883
19.9	-28.4126899131656	-0.384875799449424
19.92	-23.0964050161146	-0.399468246821914
19.94	-17.4812489067934	-0.415884750115965
19.96	-11.5201267275107	-0.428653141566894
19.98	-5.46119215148503	-0.435949365253139
20	0.684686777201109	-0.428653141566894
20.02	6.79615023295915	-0.428653141566894
20.04	12.8550848089848	-0.404940414586598
20.06	18.6930358219985	-0.388523911292546
20.08	24.2828331617938	-0.355690904704444
20.1	29.4741355518953	-0.328330065881025
20.12	34.2669429923031	-0.290024891528239
20.14	38.5833678337587	-0.251719717175453
20.16	42.2549553929827	-0.202470207293299
20.18	45.341479912429	-0.155044753332706
20.2	47.7559970394371	-0.109443355293675
20.22	49.4713366638007	-0.052897621725276
20.24	50.471196719396	0.001824055921561
20.26	50.7265957553361	0.051073565803715
20.28	50.2665152225078	0.107619299372114
20.3	49.047482944581	0.1459244737249
20.32	47.1184051199271	0.202470207293299
20.34	44.4829044299069	0.249895661253891
20.36	41.2822654475938	0.2918489474498
20.38	37.4168644355643	0.326506009959464
20.4	32.9591550210354	0.361163072469128
20.42	28.0504217770803	0.383051743527863
20.44	22.7087781105034	0.414060694194404
20.46	17.0646405502953	0.428653141566894
20.48	11.1578585914255	0.432301253410016
20.5	5.08986731199766	0.4377734211747
20.52	-1.03065284716252	0.4377734211747
20.54	-7.16928641312695	0.432301253410016
20.56	-13.2010508789462	0.406764470508159
20.58	-19.0281338478774	0.388523911292546
20.6	-24.5744590113424	0.362987128390689
20.62	-29.8273469845784	0.326506009959464
20.64	-34.5603801825321	0.2918489474498
20.66	-38.7880493306469	0.249895661253891
20.68	-42.4668822525926	0.202470207293299
20.7	-45.5624634754409	0.149572585568023
20.72	-47.9588671956448	0.103971187528991
20.74	-49.6651501166063	0.054721677646838
20.76	-50.5146688957262	0
20.78	-50.7972380418727	-0.051073565803715
20.8	-50.2230430461776	-0.10214713160743
20.82	-49.0818984175091	-0.153220697411145
20.84	-47.1002917131228	-0.195173983607054
20.86	-44.4122621433703	-0.246247549410769
20.88	-41.0685272473035	-0.279080555998871
20.9	-37.177767465748	-0.322857898116341
20.92	-32.7019446444148	-0.346570625096638
20.94	-27.7587959275317	-0.390347967214108
20.96	-22.3990388541505	-0.401292302743475
20.98	-16.7385992278186	-0.425005029723771
21	-10.7684203451338	-0.428653141566894
21.02	-4.69137236230389	-0.430477197488455
21.04	1.46356326978438	-0.426829085645333
21.06	7.56597002214029	-0.428653141566894
21.08	13.5723757184336	-0.406764470508159
21.1	19.417572094169	-0.384875799449424
21.12	24.9638972576341	-0.348394681018199
21.14	30.084557361199	-0.322857898116341
21.16	34.8683080982046	-0.284552723763555
21.18	39.0706184767934	-0.246247549410769
21.2	42.6788091122024	-0.200646151371738
21.22	45.6856346417099	-0.151396641489584
21.24	48.0113960753772	-0.10214713160743
21.26	49.6397913470804	-0.052897621725276
21.28	50.5508957093347	0.007296223686245
21.3	50.717539051934	0.054721677646838
21.32	50.1614574630431	0.114915523058359
21.34	48.8337447442907	0.156868809254268
21.36	46.8448926771827	0.213414542822666
21.38	44.138749700626	0.259015940861698
21.4	40.8312416181677	0.295497059292923
21.42	36.8770849127973	0.331978177724148
21.44	32.3831486846598	0.359339016547566
21.46	27.3965277914465	0.397644190900353
21.48	22.018657311261	0.419532861959088
21.5	16.3310475747227	0.432301253410016
21.52	10.4152089124507	0.441421533017823
21.54	4.33816092962078	0.439597477096261
21.56	-1.79141593294152	0.441421533017823
21.58	-7.92823815822553	0.430477197488455
21.6	-13.969059327447	0.417708806037526
21.62	-19.7635381641304	0.386699855370985
21.64	-25.2374097003784	0.359339016547566
21.66	-30.4468254972842	0.324681954037903
21.68	-35.1255184748251	0.286376779685116
21.7	-39.3097154466097	0.24807160533233
21.72	-42.9088493786166	0.198822095450176
21.74	-45.9066182047219	0.149572585568023
21.76	-48.2070208688632	0.098499019764308
21.78	-49.7991893269579	0.047425453960593
21.8	-50.6034245890671	-0.010944335529368
21.82	-50.7537658655425	-0.056545733568399
21.84	-50.1342873528367	-0.111267411215236
21.86	-48.851858151095	-0.156868809254268
21.88	-46.7833070940482	-0.206118319136421
21.9	-44.0499940072851	-0.251719717175453
21.92	-40.6356168246817	-0.297321115214484
21.94	-36.6561013497853	-0.33562628956727
21.96	-32.1277496487197	-0.355690904704444
21.98	-27.1030906012174	-0.388523911292546
22	-21.7270314617124	-0.406764470508159
22.02	-16.0122516149677	-0.426829085645333
22.04	-10.0348273695612	-0.432301253410016
22.06	-3.93060927652488	-0.441421533017823
22.08	2.25149646576978	-0.432301253410016
22.1	8.34484651472356	-0.417708806037526
22.12	14.3150253974084	-0.401292302743475
22.14	20.1348630036178	-0.377579575763179
22.16	25.6177912432679	-0.352042792861321
22.18	30.7203379400286	-0.315561674430096
22.2	35.4443144345801	-0.27725650007731
22.22	39.5560577791476	-0.237127269802963
22.24	43.0954174687005	-0.195173983607054
22.26	46.0134873048671	-0.140452305960216
22.28	48.2776631553998	-0.091202796078063
22.3	49.7810759201536	-0.034657062509664
22.32	50.6034245890671	0.010944335529368
22.34	50.6740668756037	0.065666013176205
22.36	50.0382862967741	0.118563634901481
22.38	48.6218178846808	0.16051692109739
22.4	46.5351534208298	0.215238598744228
22.42	43.7746702238603	0.26266405270482
22.44	40.3784064480611	0.295497059292923
22.46	36.3463620934324	0.33562628956727
22.48	31.7908402821605	0.36481118431225
22.5	26.7589358719364	0.404940414586598
22.52	21.3285365120187	0.415884750115965
22.54	15.5974545991501	0.435949365253139
22.56	9.67074789279555	0.434125309331578
22.58	3.55928443703751	0.439597477096261
22.6	-2.56848108484437	0.432301253410016
22.62	-8.67994454060241	0.425005029723771
22.64	-14.6863502368957	0.40858852642972
22.66	-20.4880744363009	0.388523911292546
22.68	-25.9275304996208	0.353866848782883
22.7	-31.0391338997836	0.319209786273219
22.72	-35.65624129419	0.279080555998871
22.74	-39.804211452366	0.244423493489208
22.76	-43.3417598012384	0.191525871763931
22.78	-46.2254141644769	0.1459244737249
22.8	-48.4280044318752	0.093026851999624
22.82	-49.9404739000311	0.040129230274348
22.84	-50.6559534687995	-0.010944335529368
22.86	-50.7356524587382	-0.065666013176205
22.88	-50.0382862967741	-0.113091467136798
22.9	-48.6399312914851	-0.164165032940513
22.92	-46.4554544308911	-0.21888671058735
22.94	-43.6514990575913	-0.255367829018575
22.96	-40.1755362918534	-0.304617338900729
22.98	-36.1163218270183	-0.337450345488831
23	-31.4992144326118	-0.373931463920056
23.02	-26.4401399121814	-0.39399607905723
23.04	-21.0278539590679	-0.403116358665036
23.06	-15.2605452325908	-0.428653141566894
23.08	-9.28312098718434	-0.434125309331578
23.1	-3.18795959755013	-0.432301253410016
23.12	3.02856161767263	-0.430477197488455
23.14	9.07843949029618	-0.421356917880649
23.16	15.0576750763831	-0.403116358665036
23.18	20.8249838028602	-0.37940363168474
23.2	26.2807419323039	-0.348394681018199
23.22	31.3307597493322	-0.315561674430096
23.24	35.9659805505429	-0.275432444155749
23.26	40.025195015378	-0.237127269802963
23.28	43.4830443743117	-0.182405592156125
23.3	46.3141698578178	-0.134980138195533
23.32	48.4805333116076	-0.089378740156501
23.34	49.9404739000311	-0.036481118431225
23.36	50.6559534687995	0.025536782901858
23.38	50.6396514026756	0.071138180940889
23.4	49.8879450202988	0.122211746744604
23.42	48.3917776182667	0.173285312548319
23.44	46.2254141644769	0.222534822430473
23.46	43.3598732080427	0.266312164547943
23.48	39.8929671457069	0.304617338900729
23.5	35.7721670977373	0.341098457331954
23.52	31.1713617694547	0.370283352076934
23.54	26.1213439524264	0.403116358665036
23.56	20.620302305972	0.421356917880649
23.58	14.8801636897013	0.426829085645333
23.6	8.88462603749057	0.4377734211747
23.62	2.79127598853679	0.432301253410016
23.64	-3.32924417062338	0.4377734211747
23.66	-9.43346226365972	0.421356917880649
23.68	-15.4199432124683	0.412236638272843
23.7	-21.1781952355433	0.375755519841618
23.72	-26.5723677818525	0.35021873693976
23.74	-31.6495557090872	0.313737618508535
23.76	-36.196020816957	0.271784332312626
23.78	-40.2733486885964	0.237127269802963
23.8	-43.6786691677977	0.187877759920809
23.82	-46.5786255971601	0.138628250038655
23.84	-48.6834034678153	0.085730628313379
23.86	-50.0908151765065	0.02918489474498
23.88	-50.6740668756037	-0.018240559215613
23.9	-50.7012369858101	-0.076610348705573
23.92	-49.8951903830205	-0.120387690823043
23.94	-48.4189477284731	-0.165989088862074
23.96	-46.1638285813425	-0.224358878352034
23.98	-43.2711175147018	-0.259015940861698
24	-39.6629268792928	-0.310089506665413
24.02	-35.5946557110555	-0.337450345488831
24.04	-30.8887926233082	-0.375755519841618
24.06	-25.7953026299497	-0.39399607905723
24.08	-20.3105630496191	-0.406764470508159
24.1	-14.5178955536161	-0.426829085645333
24.12	-8.52960326412704	-0.432301253410016
24.14	-2.43625321517326	-0.428653141566894
24.16	3.74585252712141	-0.428653141566894
24.18	9.87542938968371	-0.417708806037526
24.2	15.8003247553579	-0.399468246821914
24.22	21.5132932614221	-0.372107407998495
24.24	26.9273905552161	-0.342922513253515
24.26	31.950238262038	-0.310089506665413
24.28	36.514816776712	-0.269960276391065
24.3	40.4762188448042	-0.226182934273595
24.32	43.8815393240054	-0.178757480313003
24.34	46.6148524107686	-0.124035802666165
24.36	48.7196302814238	-0.080258460548695
24.38	50.0455316594958	-0.02918489474498
24.4	50.7012369858101	0.025536782901858
24.42	50.5762544788607	0.085730628313379
24.44	49.7285470404212	0.124035802666165
24.46	48.1798507586568	0.182405592156125
24.48	45.8975615013198	0.231655102038279
24.5	42.9794916651532	0.275432444155749
24.52	39.4238299094765	0.310089506665413
24.54	35.2233308715681	0.346570625096638
24.56	30.5699966635532	0.375755519841618
24.58	25.4330344938645	0.406764470508159
24.6	19.9301815067296	0.42318097380221
24.62	14.1375140107266	0.434125309331578
24.64	8.18544853484605	0.439597477096261
24.66	2.03051290275778	0.445069644860945
24.68	-4.09000725640239	0.441421533017823
24.7	-10.1924140087583	0.419532861959088
24.72	-16.1625928914431	0.404940414586598
24.74	-21.8411459245793	0.377579575763179
24.76	-27.2280731081668	0.348394681018199
24.78	-32.269034221793	0.313737618508535
24.8	-36.735800339724	0.269960276391065
24.82	-40.7243725180225	0.23347915795984
24.84	-44.075352776811	0.176933424391441
24.86	-46.8974215569151	0.125859858587726
24.88	-48.851858151095	0.082082516470256
24.9	-50.2230430461776	0.02918489474498
24.92	-50.7537658655425	-0.034657062509664
24.94	-50.6468967653973	-0.085730628313379
24.96	-49.7539058099472	-0.125859858587726
24.98	-48.1526806484504	-0.182405592156125
25	-45.8269192147832	-0.228006990195156
25.02	-42.8997926752144	-0.266312164547943
25.04	-39.14126076333	-0.313737618508535
25.06	-35.01864937468	-0.341098457331954
25.08	-30.2439553410765	-0.375755519841618
25.1	-25.1577107104397	-0.399468246821914
25.12	-19.613196887655	-0.415884750115965
25.14	-13.8114726882499	-0.434125309331578
25.16	-7.77065151902845	-0.435949365253139
25.18	-1.61390454625976	-0.445069644860945
25.2	4.52472901970468	-0.428653141566894
25.22	10.5909089584521	-0.421356917880649
25.24	16.5085589614045	-0.399468246821914
25.26	22.2305841708709	-0.370283352076934
25.28	27.5903412442521	-0.339274401410393
25.3	32.5171878950114	-0.304617338900729
25.32	37.0364828926748	-0.26266405270482
25.34	40.9181859708281	-0.224358878352034
25.36	44.2619208668949	-0.169637200705196
25.38	46.9245916671215	-0.120387690823043
25.4	48.9225004376316	-0.067490069097766
25.42	50.1795708698474	-0.021888671058735
25.44	50.717539051934	0.040129230274348
25.46	50.5237255991283	0.08755468423494
25.48	49.6035645334718	0.138628250038655
25.5	47.9316970854384	0.184229648077686
25.52	45.5352933652346	0.237127269802963
25.54	42.5646946493356	0.27725650007731
25.56	38.9293339037202	0.32103384219478
25.58	34.674494645399	0.35021873693976
25.6	29.9523294915279	0.386699855370985
25.62	24.7519703980242	0.410412582351281
25.64	19.2056452345591	0.425005029723771
25.66	13.4129777385561	0.439597477096261
25.68	7.39751533886065	0.435949365253139
25.7	1.28605188310261	0.441421533017823
25.72	-4.86888374898566	0.432301253410016
25.74	-10.9278183250113	0.415884750115965
25.76	-16.9233559772221	0.404940414586598
25.78	-22.5493801306259	0.36481118431225
25.8	-27.900080500605	0.341098457331954
25.82	-32.834172514086	0.297321115214484
25.84	-37.2918819286149	0.264488108626381
25.86	-41.1844530508508	0.21888671058735
25.88	-44.4738477265048	0.173285312548319
25.9	-47.1455752301335	0.118563634901481
25.92	-49.0637850107048	0.071138180940889
25.94	-50.3299121463227	0.021888671058735
25.96	-50.7972380418727	-0.040129230274348
25.98	-50.5762544788607	-0.091202796078063
26	-49.6035645334718	-0.134980138195533
26.02	-47.9153950193146	-0.187877759920809
26.04	-45.5171799584303	-0.23347915795984
26.06	-42.4052966694581	-0.27725650007731
26.08	-38.7083503407082	-0.317385730351658
26.1	-34.4716244891912	-0.353866848782883
26.12	-29.6770057081031	-0.377579575763179
26.14	-24.4422311416713	-0.399468246821914
26.16	-18.8959059782063	-0.417708806037526
26.18	-13.0416528990687	-0.439597477096261
26.2	-6.97366161964092	-0.428653141566894
26.22	-0.853141460480746	-0.435949365253139
26.24	5.29273746820539	-0.426829085645333
26.26	11.3516720442311	-0.414060694194404
26.28	17.233095233575	-0.39399607905723
26.3	22.902591563309	-0.370283352076934
26.32	28.2351785264838	-0.33562628956727
26.34	33.1185530009129	-0.300969227057606
26.36	37.5925644815656	-0.26266405270482
26.38	41.3873232070585	-0.215238598744228
26.4	44.6513591131866	-0.17510936846988
26.42	47.2162175166701	-0.114915523058359
26.44	49.1000118243134	-0.069314125019328
26.46	50.2936853327142	-0.009120279607806
26.48	50.7265957553361	0.04377734211747
26.5	50.4530833125917	0.093026851999624
26.52	49.4188077840684	0.1459244737249
26.54	47.6672413460962	0.198822095450176
26.56	45.2255541088817	0.240775381646085
26.58	42.1571429962397	0.284552723763555
26.6	38.4420832606855	0.324681954037903
26.62	34.109356353106	0.353866848782883
26.64	29.32379427542	0.388523911292546
26.66	24.0962650717099	0.412236638272843
26.68	18.5245811387189	0.430477197488455
26.7	12.6612713561792	0.434125309331578
26.72	6.65486565988591	0.4377734211747
26.74	0.499930027797635	0.435949365253139
26.76	-5.62059013136254	0.426829085645333
26.78	-11.7139401803163	0.419532861959088
26.8	-17.5953633696602	0.399468246821914
26.82	-23.2395009298683	0.36481118431225
26.84	-28.5105023099086	0.341098457331954
26.86	-33.4011221470594	0.302793282979168
26.88	-37.8135480445776	0.255367829018575
26.9	-41.5992500666684	0.217062654665789
26.92	-44.8451725659922	0.164165032940513
26.94	-47.42814437628	0.114915523058359
26.96	-49.2775232109951	0.060193845411521
26.98	-50.3914977294572	0.009120279607806
27	-50.7628225689446	-0.045601398039031
27.02	-50.4802534227981	-0.096674963842746
27.04	-49.4622799603986	-0.142276361881778
27.06	-47.6581846426941	-0.195173983607054
27.08	-45.1458551189429	-0.238951325724524
27.1	-41.9705749061558	-0.284552723763555
27.12	-38.282685280808	-0.315561674430096
27.14	-33.8793160866919	-0.355690904704444
27.16	-29.0140550190671	-0.383051743527863
27.18	-23.7774691119549	-0.403116358665036
27.2	-18.1713697060358	-0.426829085645333
27.22	-12.3062485828157	-0.432301253410016
27.24	-6.2400686440683	-0.441421533017823
27.26	-0.076076308577901	-0.435949365253139
27.28	6.0535005539844	-0.428653141566894
27.3	12.0943217232058	-0.40858852642972
27.32	17.9757449125497	-0.388523911292546
27.34	23.5927123625514	-0.355690904704444
27.36	28.8637137425917	-0.330154121802586
27.38	33.7108614034122	-0.297321115214484
27.4	38.0888718280024	-0.257191884940136
27.42	41.8202336296804	-0.206118319136421
27.44	44.9955138424676	-0.16051692109739
27.46	47.4897299594144	-0.11673957897992
27.48	49.3028819805211	-0.05836978948996
27.5	50.4005544328594	-0.005472167764684
27.52	50.7356524587382	0.054721677646838
27.54	50.3643276192508	0.100323075685869
27.56	49.2231829905823	0.155044753332706
27.58	47.4190876728778	0.200646151371738
27.6	44.8813993796007	0.251719717175453
27.62	41.7332892770199	0.288200835606678
27.64	37.9113604413206	0.326506009959464
27.66	33.5424067201326	0.357514960626005
27.68	28.6952590593121	0.390347967214108
27.7	23.4242576792718	0.412236638272843
27.72	17.7909881631463	0.428653141566894
27.74	11.9095649738024	0.435949365253139
27.76	5.87780050798306	0.441421533017823
27.78	-0.269889761383506	0.441421533017823
27.8	-6.40852332734794	0.430477197488455
27.82	-12.4656465626932	0.417708806037526
27.84	-18.3217109825111	0.395820134978791
27.86	-23.9115083223064	0.372107407998495
27.88	-29.1825097023467	0.33562628956727
27.9	-34.0296573631673	0.297321115214484
27.92	-38.3279687978187	0.255367829018575
27.94	-42.0249151265686	0.207942375057983
27.96	-45.2001953393557	0.164165032940513
27.98	-47.7378836326328	0.107619299372114
28	-49.4713366638007	0.054721677646838
28.02	-50.496555488922	-0.001824055921561
28.04	-50.7809359757489	-0.051073565803715
28.06	-50.3914977294572	-0.100323075685869
28.08	-49.2412963973866	-0.149572585568023
28.1	-47.3756154965476	-0.198822095450176
28.12	-44.7926436862598	-0.249895661253891
28.14	-41.5195510767297	-0.284552723763555
28.16	-37.6994335817108	-0.328330065881025
28.18	-33.2851963435121	-0.359339016547566
28.2	-28.3782744402375	-0.386699855370985
28.22	-23.1145184229189	-0.404940414586598
28.24	-17.4359653897827	-0.425005029723771
28.26	-11.538240134315	-0.428653141566894
28.28	-5.46119215148503	-0.443245588939384
28.3	0.668384711077272	-0.432301253410016
28.32	6.81426363976341	-0.426829085645333
28.34	12.8297260394589	-0.406764470508159
28.36	18.6749224151943	-0.388523911292546
28.38	24.2828331617938	-0.362987128390689
28.4	29.5013056621017	-0.326506009959464
28.42	34.2759996957052	-0.290024891528239
28.44	38.5670657676349	-0.246247549410769
28.46	42.2549553929827	-0.195173983607054
28.48	45.3505366158311	-0.156868809254268
28.5	47.7559970394371	-0.10214713160743
28.52	49.4803933672029	-0.047425453960593
28.54	50.471196719396	0.001824055921561
28.56	50.717539051934	0.056545733568399
28.58	50.2592698597861	0.111267411215236
28.6	49.047482944581	0.156868809254268
28.62	47.1365185267313	0.213414542822666
28.64	44.4919611333091	0.253543773097014
28.66	41.2895108103155	0.297321115214484
28.68	37.4168644355643	0.326506009959464
28.7	32.9410416142311	0.36481118431225
28.72	28.0685351838846	0.39399607905723
28.74	22.7178348139056	0.417708806037526
28.76	17.0483384841715	0.425005029723771
28.78	11.1741606575493	0.439597477096261
28.8	5.10798071880192	0.441421533017823
28.82	-1.02159614376038	0.4377734211747
28.84	-7.14211630292056	0.426829085645333
28.86	-13.2173529450701	0.414060694194404
28.88	-19.0118317817535	0.388523911292546
28.9	-24.5654023079403	0.36481118431225
28.92	-29.7838748082482	0.326506009959464
28.94	-34.5676255452538	0.288200835606678
28.96	-38.8134081001729	0.244423493489208
28.98	-42.4849956593968	0.200646151371738
29	-45.5715201788431	0.153220697411145
29.02	-47.9407537888406	0.096674963842746
29.04	-49.6579047538846	0.052897621725276
29.06	-50.5762544788607	-0.007296223686245
29.08	-50.8334648554812	-0.05836978948996
29.1	-50.3117987395185	-0.111267411215236
29.12	-49.0565396479831	-0.155044753332706
29.14	-47.1093484165249	-0.20429426321486
29.16	-44.4647910231027	-0.255367829018575
29.18	-41.1138107643142	-0.297321115214484
29.2	-37.2212396420782	-0.326506009959464
29.22	-32.7291147546212	-0.362987128390689
29.24	-27.7932114004598	-0.384875799449424
29.26	-22.4515677338829	-0.406764470508159
29.28	-16.7476559312208	-0.426829085645333
29.3	-10.8300059282683	-0.428653141566894
29.32	-4.70042906570602	-0.441421533017823
29.34	1.42914779685628	-0.426829085645333
29.36	7.55691331873816	-0.425005029723771
29.38	13.5886777845574	-0.399468246821914
29.4	19.392213324643	-0.388523911292546
29.42	24.9548405542319	-0.353866848782883
29.44	30.1026707680032	-0.315561674430096
29.46	34.8338926252765	-0.282728667841994
29.48	39.0706184767934	-0.238951325724524
29.5	42.6606957053982	-0.18970181584237
29.52	45.6856346417099	-0.142276361881778
29.54	48.0023393719751	-0.089378740156501
29.56	49.6216779402761	-0.04377734211747
29.58	50.5508957093347	0.01459244737249
29.6	50.7012369858101	0.065666013176205
29.62	50.152400759641	0.114915523058359
29.64	48.8428014476928	0.165989088862074
29.66	46.8539493805849	0.211590486901105
29.68	44.1296929972238	0.259015940861698
29.7	40.8312416181677	0.304617338900729
29.72	36.8770849127973	0.33562628956727
29.74	32.3577899151339	0.368459296155373
29.76	27.4128298575703	0.395820134978791
29.78	22.0277140146632	0.425005029723771
29.8	16.3401042781249	0.430477197488455
29.82	10.4315109785746	0.443245588939384
29.84	4.36533103982717	0.441421533017823
29.86	-1.78235922953939	0.441421533017823
29.88	-7.90287938869957	0.432301253410016
29.9	-13.943700557921	0.410412582351281
29.92	-19.7544814607283	0.381227687606301
29.94	-25.2555231071827	0.355690904704444
29.96	-30.403353320954	0.32103384219478
29.98	-35.116461771423	0.286376779685116
30	-39.3006587432075	0.238951325724524
30.02	-42.9794916651532	0.195173983607054
30.04	-45.8540893249896	0.147748529646461
30.06	-48.188907462059	0.093026851999624
30.08	-49.8245480964838	0.040129230274348
30.1	-50.6305946992735	-0.010944335529368
30.12	-50.7628225689446	-0.063841957254644
30.14	-50.1958729359712	-0.114915523058359
30.16	-48.8790282613014	-0.164165032940513
30.18	-46.8267792703785	-0.213414542822666
30.2	-44.0499940072851	-0.259015940861698
30.22	-40.6790890010119	-0.295497059292923
30.24	-36.6995735261155	-0.337450345488831
30.26	-32.1368063521219	-0.373931463920056
30.28	-27.1302607114238	-0.39399607905723
30.3	-21.7360881651145	-0.414060694194404
30.32	-16.030365021772	-0.428653141566894
30.34	-10.0601861390872	-0.430477197488455
30.36	-3.95777938673127	-0.4377734211747
30.38	2.21526965216126	-0.434125309331578
30.4	8.34484651472356	-0.42318097380221
30.42	14.3059686940062	-0.39399607905723
30.44	20.1348630036178	-0.373931463920056
30.46	25.6087345398658	-0.348394681018199
30.48	30.7203379400286	-0.308265450743851
30.5	35.4262010277759	-0.27725650007731
30.52	39.5397557130238	-0.231655102038279
30.54	43.0954174687005	-0.180581536234564
30.56	46.0044306014649	-0.133156082273971
30.58	48.2595497485956	-0.091202796078063
30.6	49.7901326235557	-0.034657062509664
30.62	50.6034245890671	0.012768391450929
30.64	50.6831235790059	0.076610348705573
30.66	50.0382862967741	0.114915523058359
30.68	48.6218178846808	0.171461256626758
30.7	46.5351534208298	0.220710766508911
30.72	43.7674248611386	0.273608388234188
30.74	40.3711610853394	0.302793282979168
30.76	36.3373053900303	0.341098457331954
30.78	31.7654815126345	0.372107407998495
30.8	26.7770492787407	0.403116358665036
30.82	21.3194798086165	0.421356917880649
30.84	15.6409267754803	0.434125309331578
30.86	9.66169118939342	0.439597477096261
30.88	3.59551125064603	0.445069644860945
30.9	-2.53406561191627	0.4377734211747
30.92	-8.65458577107644	0.421356917880649
30.94	-14.6682368300915	0.397644190900353
30.96	-20.4536589633728	0.386699855370985
30.98	-25.9094170928165	0.35021873693976
31	-31.0481906031857	0.319209786273219
31.02	-35.6743547009943	0.273608388234188
31.04	-39.7860980455618	0.229831046116718
31.06	-43.3236463944342	0.191525871763931
31.08	-46.2616409780855	0.138628250038655
31.1	-48.4624199048033	0.085730628313379
31.12	-49.9495306034332	0.040129230274348
31.14	-50.6650101722016	-0.023712726980296
31.16	-50.7537658655425	-0.07296223686245
31.18	-50.0908151765065	-0.124035802666165
31.2	-48.6580446982894	-0.17510936846988
31.22	-46.4826245410975	-0.222534822430473
31.24	-43.6424423541892	-0.264488108626381
31.26	-40.2117631054619	-0.300969227057606
31.28	-36.1344352338225	-0.337450345488831
31.3	-31.5263845428182	-0.372107407998495
31.32	-26.4854234291921	-0.397644190900353
31.34	-21.0187972556658	-0.414060694194404
31.36	-15.2514885291887	-0.428653141566894
31.38	-9.29036634990604	-0.435949365253139
31.4	-3.16260082802417	-0.439597477096261
31.42	2.9850894413424	-0.426829085645333
31.44	9.10560960050257	-0.419532861959088
31.46	15.0214482627746	-0.395820134978791
31.48	20.8249838028602	-0.375755519841618
31.5	26.2716852289018	-0.35021873693976
31.52	31.3144576832084	-0.308265450743851
31.54	35.9569238471407	-0.273608388234188
31.56	40.0070816085738	-0.222534822430473
31.58	43.4921010777138	-0.184229648077686
31.6	46.3141698578178	-0.127683914509288
31.62	48.4805333116076	-0.080258460548695
31.64	49.9404739000311	-0.031008950666541
31.66	50.6559534687995	0.025536782901858
31.68	50.6396514026756	0.078434404627134
31.7	49.8951903830205	0.125859858587726
31.72	48.4189477284731	0.184229648077686
31.74	46.2254141644769	0.229831046116718
31.76	43.3598732080427	0.273608388234188
31.78	39.902023849109	0.311913562586974
31.8	35.7975258672632	0.348394681018199
31.82	31.1804184728568	0.37940363168474
31.84	26.1213439524264	0.406764470508159
31.86	20.6112456025699	0.421356917880649
31.88	14.9073337999077	0.432301253410016
31.9	8.95526832402719	0.441421533017823
31.92	2.82569146146489	0.441421533017823
31.94	-3.30388540109741	0.435949365253139
31.96	-9.38817874664906	0.425005029723771
31.98	-15.3764710361381	0.395820134978791
32	-21.1075529490067	0.37940363168474
32.02	-26.5198389021202	0.346570625096638
32.04	-31.5970268293549	0.311913562586974
32.06	-36.1688507067506	0.271784332312626
32.08	-40.1936496986577	0.229831046116718
32.1	-43.696782574602	0.180581536234564
32.12	-46.5170400140256	0.127683914509288
32.14	-48.6761581050936	0.085730628313379
32.16	-50.0727017697022	0.02918489474498
32.18	-50.7012369858101	-0.02918489474498
32.2	-50.692180282408	-0.080258460548695
32.22	-49.8951903830205	-0.125859858587726
32.24	-48.4461178386795	-0.171461256626758
32.26	-46.1891873508684	-0.224358878352034
32.28	-43.2620608112997	-0.266312164547943
32.3	-39.7245124624273	-0.308265450743851
32.32	-35.6037124144576	-0.342922513253515
32.34	-30.9250194369167	-0.372107407998495
32.36	-25.8043593333518	-0.399468246821914
32.38	-20.3377331598255	-0.410412582351281
32.4	-14.5541223672246	-0.428653141566894
32.42	-8.52235790140533	-0.435949365253139
32.44	-2.41089444564729	-0.432301253410016
32.46	3.73679582371928	-0.426829085645333
32.48	9.83920257607519	-0.406764470508159
32.5	15.7659092824298	-0.395820134978791
32.52	21.5132932614221	-0.372107407998495
32.54	26.9436926213399	-0.339274401410393
32.56	31.9158227891099	-0.304617338900729
32.58	36.514816776712	-0.266312164547943
32.6	40.4852755482063	-0.21888671058735
32.62	43.8905960274076	-0.178757480313003
32.64	46.6057957073665	-0.120387690823043
32.66	48.7105735780217	-0.07296223686245
32.68	50.0727017697022	-0.020064615137174
32.7	50.6831235790059	0.036481118431225
32.72	50.5762544788607	0.085730628313379
32.74	49.7285470404212	0.13133202635241
32.76	48.1979641654611	0.180581536234564
32.78	45.9156749081241	0.240775381646085
32.8	42.9794916651532	0.273608388234188
32.82	39.4238299094765	0.310089506665413
32.84	35.2486896410941	0.344746569175076
32.86	30.5790533669553	0.373931463920056
32.88	25.4402798565862	0.401292302743475
32.9	19.9392382101317	0.415884750115965
32.92	14.1737408243351	0.439597477096261
32.94	8.18544853484605	0.439597477096261
32.96	2.09209848589228	0.4377734211747
32.98	-4.06464848687642	0.432301253410016
33	-10.1489418324281	0.419532861959088
33.02	-16.1191207151129	0.392172023135669
33.04	-21.8139758143729	0.372107407998495
33.06	-27.173732887754	0.33562628956727
33.08	-32.1983919352564	0.304617338900729
33.1	-36.7086302295176	0.26266405270482
33.12	-40.688145704414	0.220710766508911
33.14	-44.075352776811	0.171461256626758
33.16	-46.8267792703785	0.122211746744604
33.18	-48.8337447442907	0.069314125019328
33.2	-50.1958729359712	0.020064615137174
33.22	-50.7447091621403	-0.036481118431225
33.24	-50.6215379958714	-0.085730628313379
33.26	-49.7720192167515	-0.133156082273971
33.28	-48.1526806484504	-0.180581536234564
33.3	-45.8450326215874	-0.23347915795984
33.32	-42.8382070920799	-0.273608388234188
33.34	-39.2463185227948	-0.311913562586974
33.36	-35.0023473085561	-0.348394681018199
33.38	-30.2964842208088	-0.375755519841618
33.4	-25.1486540070375	-0.401292302743475
33.42	-19.7001412403155	-0.417708806037526
33.44	-13.8277747543737	-0.426829085645333
33.46	-7.76159481562632	-0.435949365253139
33.48	-1.65013135986828	-0.432301253410016
33.5	4.54103108582852	-0.42318097380221
33.52	10.5999656618542	-0.406764470508159
33.54	16.5176156648066	-0.395820134978791
33.56	22.2305841708709	-0.361163072469128
33.58	27.5903412442521	-0.330154121802586
33.6	32.5425466645373	-0.304617338900729
33.62	37.0708983656029	-0.257191884940136
33.64	40.9453560810345	-0.213414542822666
33.66	44.2528641634928	-0.164165032940513
33.68	46.9245916671215	-0.111267411215236
33.7	48.9315571410337	-0.071138180940889
33.72	50.1886275732495	-0.012768391450929
33.74	50.717539051934	0.038305174352786
33.76	50.5237255991283	0.089378740156501
33.78	49.5945078300697	0.140452305960216
33.8	47.9244517227167	0.191525871763931
33.82	45.5443500686367	0.238951325724524
33.84	42.5719400120573	0.279080555998871
33.86	38.9293339037202	0.317385730351658
33.88	34.674494645399	0.353866848782883
33.9	29.9251593813215	0.383051743527863
33.92	24.7863858709523	0.415884750115965
33.94	19.2147019379613	0.42318097380221
33.96	13.4310911453604	0.434125309331578
33.98	7.45185555927344	0.434125309331578
34	1.313221993309	0.439597477096261
34.02	-4.8163548692533	0.425005029723771
34.04	-10.9097049182071	0.417708806037526
34.06	-16.8436569872833	0.392172023135669
34.08	-22.5222100204195	0.36481118431225
34.1	-27.8475516208726	0.331978177724148
34.12	-32.80881374456	0.297321115214484
34.14	-37.2665231590889	0.257191884940136
34.16	-41.1844530508508	0.211590486901105
34.18	-44.5100745401133	0.164165032940513
34.2	-47.1981041098658	0.114915523058359
34.22	-49.1271819345197	0.063841957254644
34.24	-50.3389688497249	0.01459244737249
34.26	-50.8244081520791	-0.036481118431225
34.28	-50.6559534687995	-0.089378740156501
34.3	-49.7194903370191	-0.133156082273971
34.32	-48.0023393719751	-0.182405592156125
34.34	-45.5878222449669	-0.235303213881401
34.36	-42.5194111323249	-0.273608388234188
34.38	-38.822464803575	-0.319209786273219
34.4	-34.5422667757279	-0.342922513253515
34.42	-29.7567046980418	-0.37940363168474
34.44	-24.5291754943318	-0.399468246821914
34.46	-18.9484348579386	-0.419532861959088
34.48	-13.085125075399	-0.434125309331578
34.5	-7.04430390617754	-0.435949365253139
34.52	-0.905670340213106	-0.426829085645333
34.54	5.26737869867943	-0.425005029723771
34.56	11.3335586374268	-0.399468246821914
34.58	17.2149818267707	-0.390347967214108
34.6	22.8935348599069	-0.36481118431225
34.62	28.2098197569578	-0.324681954037903
34.64	33.127609704315	-0.288200835606678
34.66	37.5762624154418	-0.24807160533233
34.68	41.3782665036564	-0.209766430979544
34.7	44.6423024097844	-0.16051692109739
34.72	47.207160813268	-0.107619299372114
34.74	49.1000118243134	-0.05836978948996
34.76	50.2846286293121	-0.010944335529368
34.78	50.7356524587382	0.045601398039031
34.8	50.4440266091896	0.098499019764308
34.82	49.4188077840684	0.151396641489584
34.84	47.6853547529005	0.196998039528615
34.86	45.2255541088817	0.242599437567646
34.88	42.1571429962397	0.282728667841994
34.9	38.4076677877574	0.326506009959464
34.92	34.134715122632	0.35021873693976
34.94	29.32379427542	0.386699855370985
34.96	24.105321775112	0.412236638272843
34.98	18.5064677319146	0.42318097380221
35	12.6703280595814	0.439597477096261
35.02	6.62950689035994	0.441421533017823
35.04	0.518043434601897	0.4377734211747
35.06	-5.55900454822805	0.421356917880649
35.08	-11.6342411903776	0.406764470508159
35.1	-17.55189119333	0.390347967214108
35.12	-23.1688586433317	0.357514960626005
35.14	-28.4833321997022	0.330154121802586
35.16	-33.3830087402551	0.2918489474498
35.18	-37.7356603953193	0.251719717175453
35.2	-41.5738912971424	0.207942375057983
35.22	-44.8198137964662	0.149572585568023
35.24	-47.4462577830842	0.111267411215236
35.26	-49.2775232109951	0.056545733568399
35.28	-50.4005544328594	0.001824055921561
35.3	-50.8425215588834	-0.047425453960593
35.32	-50.496555488922	-0.100323075685869
35.34	-49.4803933672029	-0.140452305960216
35.36	-47.746940336035	-0.187877759920809
35.38	-45.2074407020774	-0.251719717175453
35.4	-42.0593305994967	-0.282728667841994
35.42	-38.257326511282	-0.324681954037903
35.44	-33.9590150766306	-0.352042792861321
35.46	-29.1299808226144	-0.384875799449424
35.48	-23.8662248052958	-0.401292302743475
35.5	-18.2057851789639	-0.425005029723771
35.52	-12.3424753964242	-0.432301253410016
35.54	-6.25818205087256	-0.428653141566894
35.56	-0.128605188310261	-0.434125309331578
35.58	6.02814178445844	-0.421356917880649
35.6	12.0762083164016	-0.399468246821914
35.62	17.9666882091476	-0.390347967214108
35.64	23.5836556591493	-0.346570625096638
35.66	28.8456003357874	-0.322857898116341
35.68	33.6836912932059	-0.280904611920433
35.7	38.0707584211981	-0.246247549410769
35.72	41.8111769262783	-0.196998039528615
35.74	45.0045705458697	-0.151396641489584
35.76	47.4716165526102	-0.098499019764308
35.78	49.3119386839232	-0.049249509882154
35.8	50.4005544328594	0.001824055921561
35.82	50.7356524587382	0.052897621725276
35.84	50.373384322653	0.107619299372114
35.86	49.2412963973866	0.153220697411145
35.88	47.4009742660736	0.206118319136421
35.9	44.8904560830028	0.251719717175453
35.92	41.7332892770199	0.2918489474498
35.94	37.9204171447228	0.330154121802586
35.96	33.5514634235347	0.355690904704444
35.98	28.7043157627142	0.395820134978791
36	23.4333143826739	0.410412582351281
36.02	17.8000448665484	0.432301253410016
36.04	11.9258670399262	0.430477197488455
36.06	5.88685721138519	0.441421533017823
36.08	-0.217360881651145	0.434125309331578
36.1	-6.38135321714155	0.428653141566894
36.12	-12.3950042761566	0.414060694194404
36.14	-18.3217109825111	0.388523911292546
36.16	-23.8227526289655	0.359339016547566
36.18	-29.1209241192122	0.326506009959464
36.2	-33.9046748562178	0.290024891528239
36.22	-38.257326511282	0.251719717175453
36.24	-42.0249151265686	0.202470207293299
36.26	-45.1820819325515	0.1459244737249
36.28	-47.6944114563026	0.103971187528991
36.3	-49.489450070605	0.051073565803715
36.32	-50.496555488922	0.001824055921561
36.34	-50.8062947452748	-0.051073565803715
36.36	-50.4440266091896	-0.103971187528991
36.38	-49.3028819805211	-0.147748529646461
36.4	-47.4462577830842	-0.195173983607054
36.42	-44.8451725659922	-0.251719717175453
36.44	-41.6173634734727	-0.284552723763555
36.46	-37.7356603953193	-0.328330065881025
36.48	-33.3648953334508	-0.353866848782883
36.5	-28.4652187928979	-0.390347967214108
36.52	-23.1507452365274	-0.401292302743475
36.54	-17.5156643797215	-0.428653141566894
36.56	-11.5817123106452	-0.428653141566894
36.58	-5.49741896509356	-0.435949365253139
36.6	0.632157897468748	-0.430477197488455
36.62	6.79615023295915	-0.421356917880649
36.64	12.8116126326546	-0.395820134978791
36.66	18.6749224151943	-0.384875799449424
36.68	24.2466063481853	-0.353866848782883
36.7	29.4922489586996	-0.319209786273219
36.72	34.2669429923031	-0.279080555998871
36.74	38.5743111303566	-0.238951325724524
36.76	42.2549553929827	-0.195173983607054
36.78	45.3324232090268	-0.147748529646461
36.8	47.7559970394371	-0.094850907921185
36.82	49.4803933672029	-0.045601398039031
36.84	50.4802534227981	0.009120279607806
36.86	50.7265957553361	0.060193845411521
36.88	50.2665152225078	0.111267411215236
36.9	49.0293695377767	0.153220697411145
36.92	47.1365185267313	0.207942375057983
36.94	44.4919611333091	0.251719717175453
36.96	41.2822654475938	0.2918489474498
36.98	37.39875102876	0.326506009959464
37	32.9500983176332	0.357514960626005
37.02	28.0685351838846	0.395820134978791
37.04	22.7178348139056	0.406764470508159
37.06	17.0736972536975	0.419532861959088
37.08	11.1922740643536	0.425005029723771
37.1	5.16050959853428	0.430477197488455
37.12	-0.969067264028024	0.428653141566894
37.14	-7.11494619271416	0.419532861959088
37.16	-13.1738807687398	0.403116358665036
37.18	-18.9846616715471	0.383051743527863
37.2	-24.5219301316101	0.353866848782883
37.22	-29.7313459285159	0.32103384219478
37.24	-34.4969832587172	0.27725650007731
37.26	-38.7952946933686	0.242599437567646
37.28	-42.4668822525926	0.198822095450176
37.3	-45.5443500686367	0.138628250038655
37.32	-47.9588671956448	0.100323075685869
37.34	-49.612621236874	0.04377734211747
37.36	-50.5599524127369	-0.007296223686245
37.38	-50.7972380418727	-0.063841957254644
37.4	-50.3389688497249	-0.109443355293675
37.42	-49.1000118243134	-0.156868809254268
37.44	-47.1365185267313	-0.207942375057983
37.46	-44.4919611333091	-0.251719717175453
37.48	-41.1663396440465	-0.284552723763555
37.5	-37.2484097522846	-0.322857898116341
37.52	-32.7635302275493	-0.361163072469128
37.54	-27.8203815106662	-0.386699855370985
37.56	-22.4950399102131	-0.399468246821914
37.58	-16.7639579973446	-0.42318097380221
37.6	-10.8481193350726	-0.428653141566894
37.62	-4.73665587931455	-0.432301253410016
37.64	1.41103439005202	-0.428653141566894
37.66	7.54061125261432	-0.412236638272843
37.68	13.5633190150315	-0.399468246821914
37.7	19.3740999178388	-0.383051743527863
37.72	24.9276704440255	-0.346570625096638
37.74	30.1026707680032	-0.317385730351658
37.76	34.8520060320808	-0.266312164547943
37.78	39.0615617733913	-0.237127269802963
37.8	42.6788091122024	-0.186053703999248
37.82	45.6946913451121	-0.140452305960216
37.84	48.0113960753772	-0.091202796078063
37.86	49.6216779402761	-0.038305174352786
37.88	50.5418390059326	0.010944335529368
37.9	50.7102936892123	0.060193845411521
37.92	50.1614574630431	0.111267411215236
37.94	48.8337447442907	0.16051692109739
37.96	46.8448926771827	0.209766430979544
37.98	44.138749700626	0.253543773097014
38	40.8384869808894	0.2918489474498
38.02	36.8770849127973	0.331978177724148
38.04	32.3759033219381	0.361163072469128
38.06	27.4218865609724	0.39399607905723
38.08	22.0367707180653	0.403116358665036
38.1	16.349160981527	0.425005029723771
38.12	10.4405676819767	0.432301253410016
38.14	4.39068980935314	0.435949365253139
38.16	-1.76424582273513	0.428653141566894
38.18	-7.87570927849317	0.417708806037526
38.2	-13.9165304477146	0.397644190900353
38.22	-19.6928958775938	0.37940363168474
38.24	-25.210239590172	0.342922513253515
38.26	-30.3580698039433	0.311913562586974
38.28	-35.0820462984949	0.269960276391065
38.3	-39.264431929599	0.237127269802963
38.32	-42.8907359718123	0.191525871763931
38.34	-45.881259435196	0.138628250038655
38.36	-48.1798507586568	0.08755468423494
38.38	-49.7448491065451	0.036481118431225
38.4	-50.6124812924692	-0.012768391450929
38.42	-50.7809359757489	-0.065666013176205
38.44	-50.2230430461776	-0.120387690823043
38.46	-48.8609148544971	-0.162340977018951
38.48	-46.8448926771827	-0.213414542822666
38.5	-44.0681074140893	-0.259015940861698
38.52	-40.688145704414	-0.293673003371361
38.54	-36.7267436363219	-0.333802233645709
38.56	-32.1802785284521	-0.362987128390689
38.58	-27.1483741182281	-0.388523911292546
38.6	-21.797673748249	-0.40858852642972
38.62	-16.0575351319784	-0.426829085645333
38.64	-10.1127150188195	-0.430477197488455
38.66	-3.96683609013341	-0.4377734211747
38.68	2.18085417923316	-0.426829085645333
38.7	8.2923176349912	-0.417708806037526
38.72	14.287855287202	-0.392172023135669
38.74	20.1076928934114	-0.372107407998495
38.76	25.6087345398658	-0.337450345488831
38.78	30.7040358739047	-0.308265450743851
38.8	35.3990309175695	-0.266312164547943
38.82	39.5306990096217	-0.23347915795984
38.84	43.0954174687005	-0.178757480313003
38.86	46.0044306014649	-0.134980138195533
38.88	48.2595497485956	-0.089378740156501
38.9	49.7901326235557	-0.032833006588103
38.92	50.6034245890671	0.023712726980296
38.94	50.6740668756037	0.069314125019328
38.96	50.0382862967741	0.11673957897992
38.98	48.6127611812787	0.164165032940513
39	46.5351534208298	0.213414542822666
39.02	43.7746702238603	0.259015940861698
39.04	40.3784064480611	0.304617338900729
39.06	36.3373053900303	0.33562628956727
39.08	31.7817835787583	0.36481118431225
39.1	26.7770492787407	0.39399607905723
39.12	21.3285365120187	0.412236638272843
39.14	15.6318700720782	0.42318097380221
39.16	9.70697470640407	0.425005029723771
39.18	3.59551125064603	0.426829085645333
39.2	-2.51595220511201	0.425005029723771
39.22	-8.63647236427218	0.415884750115965
39.24	-14.6410667198851	0.39399607905723
39.26	-20.39931874296	0.368459296155373
39.28	-25.8750016198884	0.33562628956727
39.3	-30.968491613247	0.311913562586974
39.32	-35.6290711839836	0.269960276391065
39.34	-39.7516825726337	0.226182934273595
39.36	-43.2801742181039	0.184229648077686
39.38	-46.2073007576727	0.136804194117094
39.4	-48.4280044318752	0.08755468423494
39.42	-49.9585873068354	0.034657062509664
39.44	-50.6559534687995	-0.018240559215613
39.46	-50.7265957553361	-0.067490069097766
39.48	-50.0998718799086	-0.118563634901481
39.5	-48.6834034678153	-0.164165032940513
39.52	-46.5351534208298	-0.217062654665789
39.54	-43.7040279373237	-0.260839996783259
39.56	-40.2371218749879	-0.297321115214484
39.58	-36.1507372999464	-0.333802233645709
39.6	-31.5698567191485	-0.361163072469128
39.62	-26.510782198718	-0.395820134978791
39.64	-21.0984962456045	-0.406764470508159
39.66	-15.3058287496015	-0.428653141566894
39.68	-9.32659316351457	-0.426829085645333
39.7	-3.178902894148	-0.441421533017823
39.72	2.94886262773387	-0.419532861959088
39.74	9.07843949029618	-0.410412582351281
39.76	15.0305049661767	-0.39399607905723
39.78	20.8068703960559	-0.373931463920056
39.8	26.2807419323039	-0.341098457331954
39.82	31.3144576832084	-0.308265450743851
39.84	35.9478671437386	-0.26266405270482
39.86	40.0070816085738	-0.231655102038279
39.88	43.5011577811159	-0.176933424391441
39.9	46.3141698578178	-0.133156082273971
39.92	48.4895900150097	-0.082082516470256
39.94	49.931417196629	-0.027360838823419
39.96	50.6468967653973	0.025536782901858
39.98	50.6396514026756	0.076610348705573