0	42.3473337676844	-0.264901957935469
0.02	45.4248015837286	-0.272159545824112
0.04	47.8483754141388	-0.250386782158183
0.06	49.5292995655744	-0.244943591241701
0.08	50.5110462143654	-0.214098842714968
0.1	50.704859667171	-0.199583666937682
0.12	50.1741368478061	-0.172367712355271
0.14	48.8663488765384	-0.150594948689342
0.16	46.87568546875	-0.108863818329645
0.18	44.1423723819868	-0.092534245580198
0.2	40.79863748592	-0.04898871824834
0.22	36.7756498346934	-0.021772763665929
0.24	32.2020146166172	0.016329572749447
0.26	27.1610535029911	0.041731130359697
0.28	21.6962386701452	0.085276657691555
0.3	15.9724021199983	0.110678215301806
0.32	10.0203366441178	0.146966154745021
0.34	3.83823090182314	0.163295727494467
0.36	-2.34387484047152	0.197769269965522
0.38	-8.53503728616831	0.208655651798486
0.4	-14.6102739283178	0.237686003353058
0.42	-20.4482249413315	0.244943591241701
0.44	-25.9402098843838	0.272159545824112
0.46	-31.0970968015572	0.270345148851952
0.48	-35.7323176027679	0.277602736740595
0.5	-39.8712310575418	0.264901957935469
0.52	-43.4268928132185	0.268530751879791
0.54	-46.4518317495302	0.259458767018987
0.56	-48.5113261031748	0.248572385186023
0.58	-50.0147388679286	0.221356430603611
0.6	-50.607047270428	0.210470048770647
0.62	-50.6523307874386	0.183254094188236
0.64	-49.8643975914532	0.16873891841095
0.66	-48.3428714198952	0.128822185023413
0.68	-46.0352233930322	0.097977436496681
0.7	-43.1515690297937	0.067132687969948
0.72	-39.4292639315178	0.038102336415376
0.74	-35.324765949672	0.001814396972161
0.76	-30.5754306855945	-0.029030351554572
0.78	-25.4276004718232	-0.063503894025626
0.8	-19.8287464286258	-0.088905451635877
0.82	-13.956379942684	-0.128822185023413
0.84	-7.82680308012167	-0.143337360800699
0.86	-1.63564063442487	-0.181439697216075
0.88	4.59899398760215	-0.205026857854165
0.9	10.6923440365559	-0.228614018492254
0.92	16.6534662158386	-0.248572385186023
0.94	22.4298316457178	-0.254015576102505
0.96	27.8511743022334	-0.264901957935469
0.98	32.8305498327251	-0.272159545824112
1	37.3770149405949	-0.275788339768434
1.02	41.2677747221504	-0.272159545824112
1.04	44.5589807384848	-0.259458767018987
1.06	47.1673113182986	-0.255829973074666
1.08	49.0945778022721	-0.237686003353058
1.1	50.2900626513534	-0.221356430603611
1.12	50.7320297773774	-0.203212460882004
1.14	50.4313472244266	-0.183254094188236
1.16	49.3699015856969	-0.14515175777286
1.18	47.5476928611881	-0.119750200162609
1.2	45.0353633374369	-0.088905451635877
1.22	41.9397821145885	-0.058060703109144
1.24	38.1377780263739	-0.027215954582411
1.26	33.6981820186493	0.007257587888643
1.28	28.8148075442202	0.045359924304019
1.3	23.4822205810454	0.078019069802912
1.32	17.7764974377029	0.103420627413163
1.34	11.8606587754308	0.141522963828538
1.36	5.82889430961155	0.163295727494467
1.38	-0.389438246291636	0.197769269965522
1.4	-6.5715439885863	0.210470048770647
1.42	-12.7101775545507	0.234057209408737
1.44	-18.644129623627	0.24131479729738
1.46	-24.2520403702266	0.263087560963309
1.48	-29.5230417502668	0.273973942796273
1.5	-34.3520760042831	0.273973942796273
1.52	-38.6413307355324	0.270345148851952
1.54	-42.3654471744887	0.275788339768434
1.56	-45.4610283973371	0.255829973074666
1.58	-47.8918475904691	0.255829973074666
1.6	-49.5637150385025	0.230428415464415
1.62	-50.5201029177675	0.221356430603611
1.64	-50.704859667171	0.188697285104718
1.66	-50.1741368478061	0.170553315383111
1.68	-48.9007643494665	0.137894169884217
1.7	-46.87568546875	0.114307009246127
1.72	-44.1242589751825	0.079833466775073
1.74	-40.7189384959813	0.052617512192662
1.76	-36.6778374379504	0.009071984860804
1.78	-32.0697867469461	-0.018143969721608
1.8	-27.0378823367221	-0.063503894025626
1.82	-21.6600118565367	-0.081647863747234
1.84	-15.8401742503272	-0.12156459713477
1.86	-9.80840978450794	-0.14515175777286
1.88	-3.59913393200688	-0.179625300243914
1.9	2.63550069002014	-0.195954872993361
1.92	8.82666313571693	-0.224985224547933
1.94	14.840314194732	-0.230428415464415
1.96	20.6420383941371	-0.261273163991148
1.98	26.1521367439937	-0.257644370046826
2	31.2836648916411	-0.273973942796273
2.02	35.9786599353059	-0.272159545824112
2.04	40.0741012137495	-0.283045927657077
2.06	43.5681773862917	-0.26671635490763
2.08	46.4156049359217	-0.255829973074666
2.1	48.5910250931136	-0.246757988213862
2.12	49.9984368018048	-0.232242812436576
2.14	50.6867462603667	-0.210470048770647
2.16	50.6161039738301	-0.186882888132557
2.18	49.7937553049166	-0.159666933550146
2.2	48.2106435502241	-0.134265375939895
2.22	45.9283542928871	-0.101606230441002
2.24	42.9668122803902	-0.07257587888643
2.26	39.374923711105	-0.034473542471054
2.28	35.1834813765988	-0.005443190916482
2.3	30.4250894091191	0.030844748526733
2.32	25.2428437224197	0.068947084942109
2.34	19.6349329758201	0.099791833468841
2.36	13.7716231932805	0.128822185023413
2.38	7.69457521045055	0.157852536577985
2.4	1.55594164448612	0.181439697216075
2.42	-4.63522080121068	0.210470048770647
2.44	-10.7285708501645	0.224985224547933
2.46	-16.7603353159837	0.24312919426954
2.48	-22.4823605254502	0.257644370046826
2.5	-27.887401115842	0.263087560963309
2.52	-32.8486632395294	0.275788339768434
2.54	-37.3589015337906	0.272159545824112
2.56	-41.2677747221504	0.279417133712755
2.58	-44.5752828046087	0.259458767018987
2.6	-47.194481428505	0.248572385186023
2.62	-49.1398613192827	0.237686003353058
2.64	-50.262892541147	0.223170827575772
2.66	-50.7320297773774	0.197769269965522
2.68	-50.3951204108181	0.181439697216075
2.7	-49.378958289099	0.146966154745021
2.72	-47.5748629713945	0.127007788051252
2.74	-45.0444200408391	0.081647863747234
2.76	-41.8510264212476	0.061689497053466
2.78	-38.0309089262288	0.012700778805125
2.8	-33.6257283914322	-0.007257587888643
2.82	-28.7169951474772	-0.052617512192662
2.84	-23.3499927113743	-0.074390275858591
2.86	-17.6986097884445	-0.108863818329645
2.88	-11.7193742023576	-0.132450978967735
2.9	-5.62421281272339	-0.166924521438789
2.92	0.601365105901503	-0.181439697216075
2.94	6.84505643133066	-0.21772763665929
2.96	12.9402178209649	-0.224985224547933
2.98	18.8741698900411	-0.255829973074666
3	24.4983827027645	-0.254015576102505
3.02	29.7077984996703	-0.270345148851952
3.04	34.5368327536866	-0.270345148851952
3.06	38.8532575951423	-0.275788339768434
3.08	42.5320905170879	-0.263087560963309
3.1	45.6023129704103	-0.259458767018987
3.12	47.98060328381	-0.24131479729738
3.14	49.6180552589152	-0.239500400325219
3.16	50.5454616872935	-0.205026857854165
3.18	50.704859667171	-0.201398063909843
3.2	50.1560234410018	-0.159666933550146
3.22	48.7938952493213	-0.141522963828538
3.24	46.7344008956767	-0.107049421357484
3.26	43.9739176987072	-0.079833466775073
3.28	40.577653922908	-0.045359924304019
3.3	36.5184394580729	-0.014515175777286
3.32	31.9810310536052	0.029030351554572
3.34	26.9491266433812	0.04898871824834
3.36	21.4480849969268	0.090719848608038
3.38	15.6717195670476	0.114307009246127
3.4	9.67618191483683	0.150594948689342
3.42	3.49407617254216	0.170553315383111
3.44	-2.72425638336102	0.199583666937682
3.46	-8.90636212565569	0.21772763665929
3.48	-14.9109564812686	0.24131479729738
3.5	-20.6963786145499	0.244943591241701
3.52	-26.1793068542	0.268530751879791
3.54	-31.3615525408994	0.270345148851952
3.56	-36.0058300455123	0.277602736740595
3.58	-40.1103280273581	0.263087560963309
3.6	-43.6025928592198	0.26671635490763
3.62	-46.4590771122519	0.254015576102505
3.64	-48.6091384999178	0.24312919426954
3.66	-50.0328522747328	0.228614018492254
3.68	-50.6342173806343	0.208655651798486
3.7	-50.5998019077063	0.188697285104718
3.72	-49.7683965353906	0.159666933550146
3.74	-48.2378136604305	0.132450978967735
3.76	-45.8848821165568	0.099791833468841
3.78	-42.9396421701838	0.059875100081305
3.8	-39.2952247211663	0.030844748526733
3.82	-35.0675555730515	-0.005443190916482
3.84	-30.2747481326437	-0.030844748526733
3.86	-25.099747808666	-0.067132687969948
3.88	-19.4845916993448	-0.092534245580198
3.9	-13.6031685100009	-0.127007788051252
3.92	-7.51706382376878	-0.157852536577985
3.94	-1.35307148827838	-0.183254094188236
3.96	4.88156313374864	-0.203212460882004
3.98	11.0020832929088	-0.232242812436576
4	16.9994322858	-0.244943591241701
4.02	22.7649296715966	-0.255829973074666
4.04	28.1518568551842	-0.263087560963309
4.06	33.1131189788716	-0.275788339768434
4.08	37.5889418002048	-0.275788339768434
4.1	41.4090592952237	-0.275788339768434
4.12	44.6821519047538	-0.263087560963309
4.14	47.2741804184437	-0.255829973074666
4.16	49.2014469024172	-0.24131479729738
4.18	50.3516482344879	-0.221356430603611
4.2	50.7410864807795	-0.201398063909843
4.22	50.4041771142202	-0.175996506299593
4.24	49.3083160025624	-0.150594948689342
4.26	47.4498804644451	-0.117935803190449
4.28	44.912192171168	-0.088905451635877
4.3	41.7369119583808	-0.054431909164823
4.32	37.853397539547	-0.021772763665929
4.34	33.4409716420287	0.014515175777286
4.36	28.5322383980737	0.039916733387537
4.38	23.1996514348989	0.083462260719395
4.4	17.539211808567	0.103420627413163
4.42	11.5943916954082	0.137894169884217
4.44	5.47387153624801	0.157852536577985
4.46	-0.733592975572616	0.1941404760212
4.48	-6.94286882807367	0.214098842714968
4.5	-13.0362188770275	0.232242812436576
4.52	-18.9176420663714	0.24131479729738
4.54	-24.5164961095688	0.263087560963309
4.56	-29.7440253132788	0.263087560963309
4.58	-34.5821162706972	0.277602736740595
4.6	-38.8278988256163	0.272159545824112
4.62	-42.5683173306964	0.268530751879791
4.64	-45.6204263772146	0.255829973074666
4.66	-48.0168300974185	0.248572385186023
4.68	-49.6434140284412	0.232242812436576
4.7	-50.5019895109632	0.214098842714968
4.72	-50.6958029637688	0.186882888132557
4.74	-50.1306646714759	0.16873891841095
4.76	-48.7775931831975	0.136079772912056
4.78	-46.7253441922746	0.114307009246127
4.8	-43.9123321155727	0.068947084942109
4.82	-40.5070116363714	0.045359924304019
4.84	-36.4840239851448	0.007257587888643
4.86	-31.8759732941405	-0.014515175777286
4.88	-26.7806719601016	-0.061689497053466
4.9	-21.3412158967816	-0.076204672830752
4.92	-15.5123215871701	-0.117935803190449
4.94	-9.47150041794867	-0.141522963828538
4.96	-3.23686579592164	-0.174182109327432
4.98	2.92712653956876	-0.1941404760212
5	9.10017557846129	-0.224985224547933
5.02	15.0794111645482	-0.232242812436576
5.04	20.926418880964	-0.255829973074666
5.06	26.4799894071508	-0.263087560963309
5.08	31.5752907411897	-0.268530751879791
5.1	36.2358703119264	-0.270345148851952
5.12	40.3041414801637	-0.272159545824112
5.14	43.7366320695713	-0.26671635490763
5.16	46.5387761021907	-0.261273163991148
5.18	48.6707240830523	-0.24131479729738
5.2	50.0509656815371	-0.230428415464415
5.22	50.6867462603667	-0.203212460882004
5.24	50.581688500902	-0.188697285104718
5.26	49.7140563149778	-0.156038139605824
5.28	48.1128311534811	-0.132450978967735
5.3	45.8142398300202	-0.099791833468841
5.32	42.8327730700387	-0.067132687969948
5.34	39.1720535548973	-0.038102336415376
5.36	34.908157593174	-0.001814396972161
5.38	30.1425202629726	0.032659145498894
5.4	24.9149910592626	0.063503894025626
5.42	19.3161370160651	0.09616303952452
5.44	13.5053561132578	0.12156459713477
5.46	7.41200606430406	0.157852536577985
5.48	1.24620238813323	0.181439697216075
5.5	-4.97031882708953	0.203212460882004
5.52	-11.0908389862497	0.224985224547933
5.54	-17.0954333418626	0.24312919426954
5.56	-22.8192698920094	0.259458767018987
5.58	-28.1880836687927	0.261273163991148
5.6	-33.0877602093456	0.272159545824112
5.62	-37.5617716899984	0.275788339768434
5.64	-41.4271727020279	0.277602736740595
5.66	-44.7437374878883	0.263087560963309
5.68	-47.3267092981761	0.257644370046826
5.7	-49.2195603092215	0.237686003353058
5.72	-50.3154214208793	0.226799621520094
5.74	-50.7229730739752	0.195954872993361
5.76	-50.36070493789	0.181439697216075
5.78	-49.3083160025624	0.146966154745021
5.8	-47.4589371678472	0.119750200162609
5.82	-44.8759653575594	0.078019069802912
5.84	-41.6137407921118	0.059875100081305
5.86	-37.7736985496082	0.016329572749447
5.88	-33.3178004757598	-0.007257587888643
5.9	-28.4434827047328	-0.04898871824834
5.92	-23.1290091483623	-0.070761481914269
5.94	-17.3707571252874	-0.110678215301806
5.96	-11.4096349460047	-0.125193391079092
5.98	-5.25288797323602	-0.172367712355271
6	1.0089167589974	-0.183254094188236
6.02	7.19102250129207	-0.219542033631451
6.04	13.2318436705135	-0.232242812436576
6.06	19.1132668598574	-0.254015576102505
6.08	24.7646497827872	-0.254015576102505
6.1	29.9650088762908	-0.270345148851952
6.12	34.7940431303071	-0.263087560963309
6.14	39.0742411581543	-0.281231530684916
6.16	42.7277153105739	-0.263087560963309
6.18	45.7345408400814	-0.268530751879791
6.2	48.078415680553	-0.239500400325219
6.22	49.697754248854	-0.234057209408737
6.24	50.581688500902	-0.210470048770647
6.26	50.6867462603667	-0.197769269965522
6.28	50.0763244510631	-0.161481330522307
6.3	48.6978941932587	-0.139708566856378
6.32	46.6094183887273	-0.103420627413163
6.34	43.807274356108	-0.081647863747234
6.36	40.4110105803088	-0.045359924304019
6.38	36.3336827086694	-0.019958366693768
6.4	31.7256320176651	0.02358716063809
6.42	26.6303306836262	0.054431909164823
6.44	21.1202323337696	0.090719848608038
6.46	15.3456782445709	0.114307009246127
6.48	9.31391377875159	0.146966154745021
6.5	3.19339361959141	0.165110124466628
6.52	-2.98146675998155	0.201398063909843
6.54	-9.16357250227621	0.210470048770647
6.56	-15.2297524410236	0.24131479729738
6.58	-21.0151745743049	0.246757988213862
6.6	-26.5071595173572	0.270345148851952
6.62	-31.6459330277264	0.26671635490763
6.64	-36.2177569051221	0.279417133712755
6.66	-40.2860280733594	0.270345148851952
6.68	-43.743877432293	0.268530751879791
6.7	-46.5931163226035	0.255829973074666
6.72	-48.6797807864545	0.239500400325219
6.74	-50.1125512646716	0.223170827575772
6.76	-50.6432740840365	0.210470048770647
6.78	-50.5454616872935	0.181439697216075
6.8	-49.6886975454519	0.159666933550146
6.82	-48.1581146704917	0.128822185023413
6.84	-45.7780130164117	0.103420627413163
6.86	-42.7458287173782	0.063503894025626
6.88	-39.0488823886283	0.030844748526733
6.9	-34.8302699439156	-0.003628793944322
6.92	-29.9650088762908	-0.036287939443215
6.94	-24.7827631895914	-0.065318290997787
6.96	-19.20926791592	-0.094348642552359
6.98	-13.3369014299782	-0.127007788051252
7	-7.2000792046942	-0.156038139605824
7.02	-1.0089167589974	-0.181439697216075
7.04	5.23658590711218	-0.203212460882004
7.06	11.3734081323962	-0.226799621520094
7.08	17.343587015081	-0.246757988213862
7.1	23.013083344815	-0.255829973074666
7.12	28.3728404181962	-0.268530751879791
7.14	33.3178004757598	-0.270345148851952
7.16	37.8008686598146	-0.277602736740595
7.18	41.6227974955139	-0.272159545824112
7.2	44.8759653575594	-0.263087560963309
7.22	47.4245216949191	-0.255829973074666
7.24	49.2720891889538	-0.235871606380897
7.26	50.386063707416	-0.224985224547933
7.28	50.7410864807795	-0.208655651798486
7.3	50.3697616412921	-0.172367712355271
7.32	49.1923901990151	-0.156038139605824
7.34	47.3357660015782	-0.112492612273967
7.36	44.7527941912904	-0.088905451635877
7.38	41.5340418021731	-0.054431909164823
7.4	37.632413976535	-0.02358716063809
7.42	33.2453468485427	0.012700778805125
7.44	28.2931414282574	0.030844748526733
7.46	22.9243276514741	0.076204672830752
7.48	17.2113591454099	0.105235024385323
7.5	11.2411802627251	0.139708566856378
7.52	5.12971680696703	0.156038139605824
7.54	-1.08861574893615	0.195954872993361
7.56	-7.22543797422016	0.210470048770647
7.58	-13.3205993638544	0.234057209408737
7.6	-19.183909146394	0.244943591241701
7.62	-24.8171786625195	0.255829973074666
7.64	-30.0628212730339	0.263087560963309
7.66	-34.8465720100395	0.272159545824112
7.68	-39.0832978615564	0.273973942796273
7.7	-42.7277153105739	0.273973942796273
7.72	-45.7435975434836	0.254015576102505
7.74	-48.1128311534811	0.255829973074666
7.76	-49.6705841386476	0.226799621520094
7.78	-50.5454616872935	0.215913239687129
7.8	-50.679500897645	0.188697285104718
7.82	-50.0690790883414	0.165110124466628
7.84	-48.6797807864545	0.136079772912056
7.86	-46.5931163226035	0.110678215301806
7.88	-43.7710475424994	0.070761481914269
7.9	-40.3131981835658	0.045359924304019
7.92	-36.2177569051221	0.010886381832965
7.94	-31.6006495107157	-0.014515175777286
7.96	-26.4709327037487	-0.067132687969948
7.98	-20.9880044640985	-0.078019069802912
8	-15.1500534510848	-0.112492612273967
8.02	-9.16357250227621	-0.141522963828538
8.04	-2.98871212270325	-0.174182109327432
8.06	3.24592249932377	-0.1941404760212
8.08	9.43708494502057	-0.224985224547933
8.1	15.4416793006335	-0.239500400325219
8.12	21.2886870170493	-0.254015576102505
8.14	26.7625585532973	-0.263087560963309
8.16	31.8125763703256	-0.273973942796273
8.18	36.4477971715363	-0.26671635490763
8.2	40.4635394600412	-0.277602736740595
8.22	43.8942187087684	-0.261273163991148
8.24	46.6800606752639	-0.263087560963309
8.26	48.7685364797954	-0.244943591241701
8.28	50.1125512646716	-0.226799621520094
8.3	50.704859667171	-0.203212460882004
8.32	50.5545183906956	-0.188697285104718
8.34	49.6343573250391	-0.154223742633664
8.36	48.0077733940163	-0.130636581995574
8.38	45.6367284433384	-0.09616303952452
8.4	42.6299029138309	-0.070761481914269
8.42	38.9601266952874	-0.030844748526733
8.44	34.6346451504296	0
8.46	29.87625318295	0.030844748526733
8.48	24.6849507928484	0.067132687969948
8.5	19.0679833428467	0.092534245580198
8.52	13.170258087379	0.128822185023413
8.54	7.07509669774479	0.148780551717181
8.56	0.892990955450123	0.179625300243914
8.58	-5.35070036997903	0.203212460882004
8.6	-11.4440504189328	0.223170827575772
8.62	-17.3798138286895	0.24312919426954
8.64	-23.0493101584236	0.255829973074666
8.66	-28.4525394081349	0.268530751879791
8.68	-33.36127265209	0.275788339768434
8.7	-37.8008686598146	0.26671635490763
8.72	-41.6481562650399	0.279417133712755
8.74	-44.8940787643637	0.261273163991148
8.76	-47.4679938712493	0.255829973074666
8.78	-49.2720891889538	0.232242812436576
8.8	-50.36070493789	0.226799621520094
8.82	-50.704859667171	0.199583666937682
8.84	-50.3063647174772	0.181439697216075
8.86	-49.2539757821496	0.143337360800699
8.88	-47.2995391879697	0.12156459713477
8.9	-44.7002653115581	0.078019069802912
8.92	-41.4543428122343	0.061689497053466
8.94	-37.5889418002048	0.016329572749447
8.96	-33.1131189788716	-0.001814396972161
8.98	-28.1337434483799	-0.050803115220501
9	-22.792099781803	-0.067132687969948
9.02	-17.0338477587281	-0.105235024385323
9.04	-11.0473668099195	-0.128822185023413
9.06	-4.89967654055291	-0.166924521438789
9.08	1.29148590514389	-0.183254094188236
9.1	7.46453494403642	-0.221356430603611
9.12	13.5415829268664	-0.228614018492254
9.14	19.4574215891384	-0.257644370046826
9.16	25.0472189289337	-0.255829973074666
9.18	30.2566347258395	-0.277602736740595
9.2	35.0584988696493	-0.263087560963309
9.22	39.251752544836	-0.275788339768434
9.24	42.859943180245	-0.26671635490763
9.26	45.8667687097526	-0.263087560963309
9.28	48.1852847806981	-0.24312919426954
9.3	49.7683965353906	-0.239500400325219
9.32	50.607047270428	-0.208655651798486
9.34	50.679500897645	-0.203212460882004
9.36	50.041908978135	-0.157852536577985
9.38	48.61819520332	-0.141522963828538
9.4	46.4953039258605	-0.099791833468841
9.42	43.6641784423543	-0.081647863747234
9.44	40.1972723800185	-0.050803115220501
9.46	36.0764723320489	-0.018143969721608
9.48	31.4503082342403	0.019958366693768
9.5	26.3115347238712	0.052617512192662
9.52	20.828606484221	0.090719848608038
9.54	15.0540523950223	0.114307009246127
9.56	9.05670340213106	0.148780551717181
9.58	2.88365436323853	0.166924521438789
9.6	-3.36003696219062	0.206841254826325
9.62	-9.52584063836145	0.219542033631451
9.64	-15.5576051041807	0.237686003353058
9.66	-21.3593293035859	0.248572385186023
9.68	-26.7462564871735	0.264901957935469
9.7	-31.8488031839341	0.268530751879791
9.72	-36.404324995206	0.270345148851952
9.74	-40.5070116363714	0.263087560963309
9.76	-43.9395022257791	0.26671635490763
9.78	-46.7162874888725	0.257644370046826
9.8	-48.7685364797954	0.24312919426954
9.82	-50.0763244510631	0.223170827575772
9.84	-50.6704441942429	0.206841254826325
9.86	-50.5635750940977	0.181439697216075
9.88	-49.625300621637	0.152409345661503
9.9	-47.98060328381	0.130636581995574
9.92	-45.5932562670082	0.094348642552359
9.94	-42.5773740340986	0.065318290997787
9.96	-38.8442008917401	0.038102336415376
9.98	-34.5911729740994	0.001814396972161
10	-29.7621387200831	-0.036287939443215
10.02	-24.5527229231773	-0.067132687969948
10.04	-18.865113186639	-0.090719848608038
10.06	-12.9927467006972	-0.119750200162609
10.08	-6.85411313473279	-0.154223742633664
10.1	-0.628535216107896	-0.181439697216075
10.12	5.55357052618677	-0.210470048770647
10.14	11.6306185090167	-0.226799621520094
10.16	17.6007973917015	-0.248572385186023
10.18	23.3047091943637	-0.250386782158183
10.2	28.6391074982188	-0.264901957935469
10.22	33.582256215102	-0.272159545824112
10.24	38.0309089262288	-0.273973942796273
10.26	41.8166109483195	-0.264901957935469
10.28	45.0009478645088	-0.272159545824112
10.3	47.538636157786	-0.252201179130344
10.32	49.3336747720883	-0.246757988213862
10.34	50.4132338176224	-0.21772763665929
10.36	50.7320297773774	-0.208655651798486
10.38	50.3244781242815	-0.177810903271753
10.4	49.1126912090763	-0.148780551717181
10.42	47.2107834946288	-0.114307009246127
10.44	44.6115096182172	-0.087091054663716
10.46	41.3746438222955	-0.059875100081305
10.48	37.4295438203273	-0.025401557610251
10.5	32.9537209989941	0.012700778805125
10.52	27.9924588753067	0.030844748526733
10.54	22.5982863289974	0.078019069802912
10.56	16.8581477127268	0.097977436496681
10.58	10.9133275995679	0.139708566856378
10.6	4.83809095741841	0.157852536577985
10.62	-1.38024159848477	0.1941404760212
10.64	-7.56234734077944	0.212284445742808
10.66	-13.6647540931353	0.226799621520094
10.68	-19.5642906892835	0.248572385186023
10.7	-25.1450313256767	0.268530751879791
10.72	-30.3182203089739	0.263087560963309
10.74	-35.0584988696493	0.283045927657077
10.76	-39.2245824346296	0.268530751879791
10.78	-42.9124720599774	0.279417133712755
10.8	-45.8939388199589	0.257644370046826
10.82	-48.2197002536262	0.252201179130344
10.84	-49.7683965353906	0.230428415464415
10.86	-50.5364049838913	0.219542033631451
10.88	-50.6523307874386	0.1941404760212
10.9	-50.0237955713307	0.174182109327432
10.92	-48.6272519067221	0.139708566856378
10.94	-46.4590771122519	0.110678215301806
10.96	-43.5500639794874	0.068947084942109
10.98	-40.0559878069453	0.04898871824834
11	-35.987716638708	0.007257587888643
11.02	-31.3180803645692	-0.016329572749447
11.04	-26.2064769644064	-0.058060703109144
11.06	-20.7217373840759	-0.083462260719395
11.08	-14.8765410083405	-0.114307009246127
11.1	-8.82666313571693	-0.146966154745021
11.12	-2.61738728321588	-0.177810903271753
11.14	3.61724733881115	-0.192326079049039
11.16	9.78123967430155	-0.221356430603611
11.18	15.7514185569863	-0.239500400325219
11.2	21.5531427563915	-0.255829973074666
11.22	26.9762967535876	-0.259458767018987
11.24	32.0426166367397	-0.270345148851952
11.26	36.6687807345482	-0.275788339768434
11.28	40.6664096162489	-0.277602736740595
11.3	44.0989002056566	-0.263087560963309
11.32	46.8140998856155	-0.257644370046826
11.34	48.8482354697341	-0.244943591241701
11.36	50.165080144404	-0.226799621520094
11.38	50.7139163705731	-0.205026857854165
11.4	50.5364049838913	-0.186882888132557
11.42	49.599941852111	-0.152409345661503
11.44	47.8918475904691	-0.134265375939895
11.46	45.4773304634609	-0.094348642552359
11.48	42.4523915271491	-0.070761481914269
11.5	38.7645019018014	-0.043545527331858
11.52	34.4498884010261	0
11.54	29.6208541470099	0.02358716063809
11.56	24.3752115364955	0.065318290997787
11.58	18.7057152067615	0.088905451635877
11.6	12.8242920174176	0.127007788051252
11.62	6.73999867186594	0.150594948689342
11.64	0.610421809303634	0.181439697216075
11.66	-5.61696745000169	0.205026857854165
11.68	-11.7356762684814	0.228614018492254
11.7	-17.7058551511662	0.234057209408737
11.72	-23.3753514809003	0.257644370046826
11.74	-28.7260518508793	0.26671635490763
11.76	-33.6438417982365	0.275788339768434
11.78	-38.0580790364352	0.272159545824112
11.8	-41.780384134711	0.272159545824112
11.82	-45.0353633374369	0.263087560963309
11.84	-47.5567495645902	0.263087560963309
11.86	-49.404317058625	0.234057209408737
11.88	-50.4041771142202	0.223170827575772
11.9	-50.7320297773774	0.199583666937682
11.92	-50.262892541147	0.179625300243914
11.94	-49.1217479124785	0.143337360800699
11.96	-47.2379536048352	0.130636581995574
11.98	-44.5843395080108	0.078019069802912
12	-41.2424159526244	0.059875100081305
12.02	-37.3317314235842	0.016329572749447
12.04	-32.8305498327251	-0.001814396972161
12.06	-27.8602310056356	-0.045359924304019
12.08	-22.4642471186459	-0.059875100081305
12.1	-16.7603353159837	-0.107049421357484
12.12	-10.7539296196904	-0.128822185023413
12.14	-4.59899398760215	-0.174182109327432
12.16	1.63564063442487	-0.179625300243914
12.18	7.81774637671953	-0.221356430603611
12.2	13.8857376561473	-0.226799621520094
12.22	19.8106330218215	-0.255829973074666
12.24	25.3388447784823	-0.255829973074666
12.26	30.51384510246	-0.277602736740595
12.28	35.2541236631354	-0.26671635490763
12.3	39.4455659976416	-0.277602736740595
12.32	43.0718700398549	-0.263087560963309
12.34	46.0080532828258	-0.268530751879791
12.36	48.2903425401628	-0.24312919426954
12.38	49.8299821185251	-0.239500400325219
12.4	50.6161039738301	-0.210470048770647
12.42	50.6704441942429	-0.201398063909843
12.44	49.9803233950005	-0.163295727494467
12.46	48.5113261031748	-0.143337360800699
12.48	46.3359059459829	-0.105235024385323
12.5	43.4613082861466	-0.081647863747234
12.52	39.9672321136044	-0.041731130359697
12.54	35.8192619554284	-0.019958366693768
12.56	31.2039659017024	0.02358716063809
12.58	26.0996078642613	0.050803115220501
12.6	20.5713961076005	0.088905451635877
12.62	14.7080863250608	0.107049421357484
12.64	8.69443526604582	0.146966154745021
12.66	2.49421611694689	0.166924521438789
12.68	-3.70600303215203	0.199583666937682
12.7	-9.83557989471433	0.221356430603611
12.72	-15.8492309537294	0.24312919426954
12.74	-21.5984262734022	0.24131479729738
12.76	-27.0197689299178	0.26671635490763
12.78	-32.1132589232763	0.270345148851952
12.8	-36.6959508447546	0.279417133712755
12.82	-40.7116931332596	0.273973942796273
12.84	-44.0989002056566	0.268530751879791
12.86	-46.8485153585436	0.259458767018987
12.88	-48.839178766332	0.248572385186023
12.9	-50.1831935512082	0.234057209408737
12.92	-50.6867462603667	0.205026857854165
12.94	-50.5364049838913	0.181439697216075
12.96	-49.5637150385025	0.157852536577985
12.98	-47.8846022277474	0.128822185023413
13	-45.4610283973371	0.09616303952452
13.02	-42.3817492406125	0.068947084942109
13.04	-38.6503874389345	0.029030351554572
13.06	-34.3701894110874	0.001814396972161
13.08	-29.4958716400604	-0.032659145498894
13.1	-24.2067568532159	-0.061689497053466
13.12	-18.5372605234819	-0.097977436496681
13.14	-12.630478564612	-0.119750200162609
13.16	-6.54437387837991	-0.161481330522307
13.18	-0.353211432683111	-0.179625300243914
13.2	5.88142318934391	-0.206841254826325
13.22	11.9747732382977	-0.224985224547933
13.24	17.9195933514565	-0.246757988213862
13.26	23.6325618575208	-0.246757988213862
13.28	28.9651488206956	-0.270345148851952
13.3	33.8304098883204	-0.264901957935469
13.32	38.2174770163127	-0.277602736740595
13.34	41.9760089281971	-0.263087560963309
13.36	45.1331757341799	-0.263087560963309
13.38	47.636448554529	-0.252201179130344
13.4	49.4224304654292	-0.24312919426954
13.42	50.4494606312309	-0.221356430603611
13.44	50.7320297773774	-0.203212460882004
13.46	50.2900626513534	-0.174182109327432
13.48	49.0692190327461	-0.156038139605824
13.5	47.096669031762	-0.112492612273967
13.52	44.4611683417418	-0.088905451635877
13.54	41.1627169626857	-0.052617512192662
13.56	37.2085602573153	-0.029030351554572
13.58	32.6892652596519	0.001814396972161
13.6	27.7352484986862	0.034473542471054
13.62	22.3139058421705	0.083462260719395
13.64	16.6099940395084	0.099791833468841
13.66	10.6035883432151	0.14515175777286
13.68	4.47582282133317	0.157852536577985
13.7	-1.76062314137428	0.1941404760212
13.72	-7.90650207006042	0.208655651798486
13.74	-14.054192339427	0.235871606380897
13.76	-19.8196897252236	0.24131479729738
13.78	-25.3841282954929	0.272159545824112
13.8	-30.6026007958009	0.263087560963309
13.82	-35.2812937733418	0.281231530684916
13.84	-39.4817928112502	0.272159545824112
13.86	-43.0899834466592	0.273973942796273
13.88	-46.0714502066407	0.257644370046826
13.9	-48.3084559469671	0.252201179130344
13.92	-49.8480955253294	0.232242812436576
13.94	-50.5998019077063	0.224985224547933
13.96	-50.6251606772322	0.192326079049039
13.98	-49.9712666915984	0.174182109327432
14	-48.5113261031748	0.136079772912056
14.02	-46.3087358357766	0.114307009246127
14.04	-43.3906659996099	0.079833466775073
14.06	-39.9056465304699	0.050803115220501
14.08	-35.766733075696	0.007257587888643
14.1	-31.078983394753	-0.014515175777286
14.12	-25.92390781826	-0.058060703109144
14.14	-20.4047527650013	-0.081647863747234
14.16	-14.4871027620489	-0.117935803190449
14.18	-8.45533829622956	-0.139708566856378
14.2	-2.2460624437285	-0.175996506299593
14.22	3.89981648495764	-0.1941404760212
14.24	10.0293933475199	-0.21772763665929
14.26	16.0521011099371	-0.237686003353058
14.28	21.8538253093423	-0.254015576102505
14.3	27.3204514828686	-0.264901957935469
14.32	32.3269971235666	-0.272159545824112
14.34	36.9259911111688	-0.273973942796273
14.36	40.8620344097349	-0.279417133712755
14.38	44.2311280753277	-0.26671635490763
14.4	46.9191576450802	-0.263087560963309
14.42	48.9442365257967	-0.24312919426954
14.44	50.2013069580125	-0.226799621520094
14.46	50.7229730739752	-0.208655651798486
14.48	50.4929328075611	-0.181439697216075
14.5	49.5202428621722	-0.157852536577985
14.52	47.8121486005303	-0.127007788051252
14.54	45.3451025937898	-0.090719848608038
14.56	42.2857481845499	-0.067132687969948
14.58	38.5435183387894	-0.036287939443215
14.6	34.1655079141992	-0.003628793944322
14.62	29.3201715940591	0.030844748526733
14.64	24.0383021699363	0.068947084942109
14.66	18.4050326538107	0.090719848608038
14.68	12.532666167869	0.132450978967735
14.7	6.45561818503902	0.148780551717181
14.72	0.257210376620522	0.188697285104718
14.74	-5.9701788826848	0.203212460882004
14.76	-12.0997557452471	0.224985224547933
14.78	-18.0518212211276	0.239500400325219
14.8	-23.6506752643251	0.259458767018987
14.82	-28.9832622274998	0.264901957935469
14.84	-33.8648253612485	0.279417133712755
14.86	-38.2428357858386	0.270345148851952
14.88	-41.9850656315992	0.279417133712755
14.9	-45.1857046139123	0.261273163991148
14.92	-47.6889774342613	0.263087560963309
14.94	-49.4677139824399	0.232242812436576
14.96	-50.4404039278287	0.228614018492254
14.98	-50.7501431841816	0.192326079049039
15	-50.2357224309406	0.190511682076879
15.02	-49.1126912090763	0.150594948689342
15.04	-47.1057257351641	0.125193391079092
15.06	-44.3995827586073	0.078019069802912
15.08	-41.0467911591384	0.065318290997787
15.1	-37.0944457944484	0.014515175777286
15.12	-32.5570373899807	-0.001814396972161
15.14	-27.5939639256129	-0.056246306136983
15.16	-22.1997913793037	-0.065318290997787
15.18	-16.4505960596309	-0.107049421357484
15.2	-10.4097748904094	-0.127007788051252
15.22	-4.23672585151691	-0.179625300243914
15.24	2.02507888071651	-0.183254094188236
15.26	8.15465574327881	-0.223170827575772
15.28	14.177363505696	-0.226799621520094
15.3	20.0334279255139	-0.259458767018987
15.32	25.6051118585049	-0.257644370046826
15.34	30.7783008418022	-0.275788339768434
15.36	35.545749512684	-0.268530751879791
15.38	39.7118330776643	-0.279417133712755
15.4	43.2403247231346	-0.26671635490763
15.42	46.1511491965795	-0.270345148851952
15.44	48.3881549369058	-0.254015576102505
15.46	49.8734542948553	-0.24312919426954
15.48	50.6342173806343	-0.215913239687129
15.5	50.6432740840365	-0.201398063909843
15.52	49.9096811084639	-0.165110124466628
15.54	48.4062683437101	-0.150594948689342
15.56	46.212734779714	-0.101606230441002
15.58	43.3200237130733	-0.081647863747234
15.6	39.791532067603	-0.043545527331858
15.62	35.6254485026227	-0.018143969721608
15.64	30.9286421182776	0.018143969721608
15.66	25.7898686079084	0.045359924304019
15.68	20.191014564711	0.087091054663716
15.7	14.3639315957799	0.114307009246127
15.72	8.34846919608441	0.14515175777286
15.74	2.22070367420254	0.172367712355271
15.76	-3.98857217829852	0.210470048770647
15.78	-10.1525645137889	0.21772763665929
15.8	-16.1861403202886	0.24131479729738
15.82	-21.9516377060853	0.252201179130344
15.84	-27.347621593075	0.273973942796273
15.86	-32.4157528169075	0.275788339768434
15.88	-36.8988210009624	0.275788339768434
15.9	-40.896449882663	0.281231530684916
15.92	-44.2492414821319	0.270345148851952
15.94	-47.0169700418232	0.263087560963309
15.96	-48.936991163075	0.24131479729738
15.98	-50.2357224309406	0.230428415464415
16	-50.6704441942429	0.210470048770647
16.02	-50.5019895109632	0.190511682076879
16.04	-49.502129455368	0.157852536577985
16.06	-47.8212053039324	0.132450978967735
16.08	-45.2835170106553	0.090719848608038
16.1	-42.1879357878069	0.076204672830752
16.12	-38.3768749961902	0.027215954582411
16.14	-34.0695068581366	0.001814396972161
16.16	-29.1336035039752	-0.036287939443215
16.18	-23.9423011138737	-0.065318290997787
16.2	-18.2637480807375	-0.097977436496681
16.22	-12.3297960116612	-0.125193391079092
16.24	-6.20927585250106	-0.165110124466628
16.26	0	-0.179625300243914
16.28	6.22557791862489	-0.21772763665929
16.3	12.3460980777851	-0.224985224547933
16.32	18.2818614875418	-0.255829973074666
16.34	23.8879608934609	-0.255829973074666
16.36	29.1951890871097	-0.275788339768434
16.38	34.0767522208583	-0.270345148851952
16.4	38.4384605793247	-0.284860324629238
16.42	42.1879357878069	-0.275788339768434
16.44	45.3197438242638	-0.270345148851952
16.46	47.7686764242001	-0.248572385186023
16.48	49.5111861587701	-0.250386782158183
16.5	50.5019895109632	-0.21772763665929
16.52	50.7229730739752	-0.210470048770647
16.54	50.2266657275384	-0.172367712355271
16.56	48.9532932291988	-0.154223742633664
16.58	46.9897999316168	-0.112492612273967
16.6	44.2655435482558	-0.088905451635877
16.62	40.9670921691997	-0.052617512192662
16.64	36.9966333977054	-0.029030351554572
16.66	32.477338400042	0.010886381832965
16.68	27.4526793525397	0.030844748526733
16.7	22.0222799926219	0.076204672830752
16.72	16.2821413763512	0.099791833468841
16.74	10.2594336139341	0.146966154745021
16.76	4.1044979818458	0.161481330522307
16.78	-2.04319228752077	0.201398063909843
16.8	-8.2162413264133	0.210470048770647
16.82	-14.3023460126454	0.235871606380897
16.84	-20.1384856849786	0.246757988213862
16.86	-25.6757541450416	0.264901957935469
16.88	-30.857999831741	0.272159545824112
16.9	-35.5892216890142	0.279417133712755
16.92	-39.7027763742622	0.272159545824112
16.94	-43.2765515367431	0.272159545824112
16.96	-46.1855646695076	0.255829973074666
16.98	-48.4497405200403	0.257644370046826
17	-49.9259831745877	0.230428415464415
17.02	-50.607047270428	0.224985224547933
17.04	-50.6161039738301	0.192326079049039
17.06	-49.8915677016596	0.170553315383111
17.08	-48.4225704098339	0.143337360800699
17.1	-46.2036780763118	0.114307009246127
17.12	-43.2493814265367	0.078019069802912
17.14	-39.6756062640558	0.045359924304019
17.16	-35.5022773363538	0.007257587888643
17.18	-30.7692441384001	-0.018143969721608
17.2	-25.5869984517007	-0.061689497053466
17.22	-20.0587866950399	-0.085276657691555
17.24	-14.1954769125002	-0.119750200162609
17.26	-8.16371244668094	-0.150594948689342
17.28	-1.95443659417988	-0.177810903271753
17.3	4.27114132444501	-0.201398063909843
17.32	10.4278882972137	-0.224985224547933
17.34	16.4071238833006	-0.24131479729738
17.36	22.2179047861079	-0.257644370046826
17.38	27.6030206290151	-0.270345148851952
17.4	32.5660940933829	-0.272159545824112
17.42	37.1198045639744	-0.275788339768434
17.44	41.0558478625405	-0.283045927657077
17.46	44.3724126484009	-0.270345148851952
17.48	47.0531968554317	-0.255829973074666
17.5	49.0329922191376	-0.252201179130344
17.52	50.2538358377448	-0.234057209408737
17.54	50.7410864807795	-0.214098842714968
17.56	50.4748194007568	-0.188697285104718
17.58	49.4224304654292	-0.161481330522307
17.6	47.6889774342613	-0.134265375939895
17.62	45.230988130923	-0.097977436496681
17.64	42.099180094466	-0.067132687969948
17.66	38.2609491926429	-0.039916733387537
17.68	33.9354676477851	0.005443190916482
17.7	29.090131327645	0.02358716063809
17.72	23.8010165408004	0.068947084942109
17.74	18.1315202110664	0.090719848608038
17.76	12.1957568013097	0.136079772912056
17.78	6.09335004895378	0.154223742633664
17.8	-0.097812396743016	0.183254094188236
17.82	-6.32339031536791	0.206841254826325
17.84	-12.4167403643217	0.234057209408737
17.86	-18.3162769604699	0.24131479729738
17.88	-23.9241877070694	0.263087560963309
17.9	-29.2404726041204	0.273973942796273
17.92	-34.1401491446733	0.286674721601398
17.94	-38.4475172827268	0.275788339768434
17.96	-42.2060491946112	0.281231530684916
17.98	-45.3541592971919	0.263087560963309
18	-47.7777331276022	0.263087560963309
18.02	-49.5202428621722	0.232242812436576
18.04	-50.4313472244266	0.226799621520094
18.06	-50.7229730739752	0.195954872993361
18.08	-50.2103636614146	0.183254094188236
18.1	-48.9442365257967	0.143337360800699
18.12	-46.9463277552866	0.128822185023413
18.14	-44.2220713719256	0.078019069802912
18.16	-40.896449882663	0.061689497053466
18.18	-36.9259911111688	0.012700778805125
18.2	-32.3269971235666	-0.007257587888643
18.22	-27.3023380760643	-0.058060703109144
18.24	-21.8538253093423	-0.074390275858591
18.26	-16.0792712201435	-0.114307009246127
18.28	-10.0565634577263	-0.132450978967735
18.3	-3.90887318835977	-0.183254094188236
18.32	2.29134596073916	-0.188697285104718
18.34	8.47345170303382	-0.232242812436576
18.36	14.5233295756574	-0.228614018492254
18.38	20.386639358197	-0.255829973074666
18.4	25.9311531809817	-0.257644370046826
18.42	31.0699266913508	-0.277602736740595
18.44	35.7848464825003	-0.277602736740595
18.46	39.8712310575418	-0.283045927657077
18.48	43.3997227030121	-0.26671635490763
18.5	46.2833770662506	-0.270345148851952
18.52	48.4769106302467	-0.244943591241701
18.54	49.944096581392	-0.239500400325219
18.56	50.6613874908407	-0.210470048770647
18.58	50.6251606772322	-0.205026857854165
18.6	49.8643975914532	-0.166924521438789
18.62	48.3175126503692	-0.141522963828538
18.64	46.0623935032386	-0.099791833468841
18.66	43.1425123263915	-0.078019069802912
18.68	39.5868505707149	-0.043545527331858
18.7	35.3519360598784	-0.019958366693768
18.72	30.6279595653268	0.02358716063809
18.74	25.4710726481534	0.04898871824834
18.76	19.9265588253688	0.094348642552359
18.78	14.079551108953	0.12156459713477
18.8	8.0224278736077	0.156038139605824
18.82	1.8312654279109	0.175996506299593
18.84	-4.40518053479655	0.203212460882004
18.86	-10.569172870287	0.224985224547933
18.88	-16.557465159776	0.24131479729738
18.9	-22.2885470726445	0.255829973074666
18.92	-27.6573608494278	0.273973942796273
18.94	-32.6711518528476	0.281231530684916
18.96	-37.1723334437067	0.279417133712755
18.98	-41.1083767422729	0.279417133712755
19	-44.4702250451439	0.275788339768434
19.02	-47.1763680217007	0.26671635490763
19.04	-49.0692190327461	0.24312919426954
19.06	-50.2991193547555	0.230428415464415
19.08	-50.7501431841816	0.210470048770647
19.1	-50.4929328075611	0.186882888132557
19.12	-49.4496005756356	0.157852536577985
19.14	-47.7161475444677	0.136079772912056
19.16	-45.1766479105102	0.092534245580198
19.18	-41.9850656315992	0.067132687969948
19.2	-38.2337790824365	0.029030351554572
19.22	-33.8394665917225	0.007257587888643
19.24	-28.9397900511696	-0.04717432127618
19.26	-23.6597319677272	-0.063503894025626
19.28	-17.9195933514565	-0.112492612273967
19.3	-11.9838299416998	-0.130636581995574
19.32	-5.81983760620942	-0.172367712355271
19.34	0.362268136085243	-0.183254094188236
19.36	6.55343058178204	-0.21772763665929
19.38	12.6033084544056	-0.223170827575772
19.4	18.546317226884	-0.261273163991148
19.42	24.1977001498138	-0.255829973074666
19.44	29.4868149366583	-0.288489118573559
19.46	34.3339625974789	-0.275788339768434
19.48	38.6775575491409	-0.288489118573559
19.5	42.3745038778908	-0.272159545824112
19.52	45.4248015837286	-0.279417133712755
19.54	47.857432117541	-0.252201179130344
19.56	49.5546583351003	-0.246757988213862
19.58	50.5110462143654	-0.224985224547933
19.6	50.7229730739752	-0.210470048770647
19.62	50.1741368478061	-0.172367712355271
19.64	48.8482354697341	-0.157852536577985
19.66	46.8666287653478	-0.103420627413163
19.68	44.1514290853889	-0.092534245580198
19.7	40.7913921231983	-0.050803115220501
19.72	36.7665931312913	-0.029030351554572
19.74	32.1857125504934	0.016329572749447
19.76	27.1701102063932	0.038102336415376
19.78	21.6690685599388	0.085276657691555
19.8	15.9561000538745	0.105235024385323
19.82	9.96780776438545	0.150594948689342
19.84	3.83823090182314	0.16873891841095
19.86	-2.39640372020388	0.203212460882004
19.88	-8.56945275909641	0.214098842714968
19.9	-14.6736708521328	0.246757988213862
19.92	-20.4916971176617	0.248572385186023
19.94	-26.0289655777247	0.277602736740595
19.96	-31.1496256812896	0.273973942796273
19.98	-35.8192619554284	0.284860324629238
20	-39.9237599372742	0.279417133712755
20.02	-43.5138371658789	0.283045927657077
20.04	-46.3721327595915	0.26671635490763
20.06	-48.5475529167834	0.252201179130344
20.08	-49.9984368018048	0.234057209408737
20.1	-50.704859667171	0.223170827575772
20.12	-50.6432740840365	0.188697285104718
20.14	-49.9006244050617	0.166924521438789
20.16	-48.3175126503692	0.141522963828538
20.18	-46.1058656795688	0.105235024385323
20.2	-43.0628133364528	0.081647863747234
20.22	-39.4999062180544	0.039916733387537
20.24	-35.2631803665375	0.009071984860804
20.26	-30.5301471685838	-0.029030351554572
20.28	-25.3660148886887	-0.059875100081305
20.3	-19.8106330218215	-0.090719848608038
20.32	-13.9129077663537	-0.123378994106931
20.34	-7.82680308012167	-0.150594948689342
20.36	-1.6102818648989	-0.181439697216075
20.38	4.59899398760215	-0.203212460882004
20.4	10.7629863230926	-0.224985224547933
20.42	16.6896930294471	-0.252201179130344
20.44	22.4479450525221	-0.263087560963309
20.46	27.8511743022334	-0.275788339768434
20.48	32.8396065361272	-0.277602736740595
20.5	37.3589015337906	-0.288489118573559
20.52	41.2496613153461	-0.281231530684916
20.54	44.5662261012065	-0.277602736740595
20.56	47.1763680217007	-0.263087560963309
20.58	49.0873324395504	-0.250386782158183
20.6	50.2900626513534	-0.232242812436576
20.62	50.7410864807795	-0.215913239687129
20.64	50.4313472244266	-0.188697285104718
20.66	49.3608448822947	-0.165110124466628
20.68	47.5748629713945	-0.127007788051252
20.7	45.0190612713131	-0.101606230441002
20.72	41.9234800484647	-0.067132687969948
20.74	38.1196646195696	-0.038102336415376
20.76	33.705427381371	0.003628793944322
20.78	28.8148075442202	0.02358716063809
20.8	23.455050470839	0.065318290997787
20.82	17.7692520749811	0.09616303952452
20.84	11.8244319618223	0.137894169884217
20.86	5.74013861627067	0.154223742633664
20.88	-0.414797015817603	0.195954872993361
20.9	-6.64218627512292	0.208655651798486
20.92	-12.7445930274788	0.24131479729738
20.94	-18.7057152067615	0.248572385186023
20.96	-24.2773991397525	0.273973942796273
20.98	-29.5846273334013	0.270345148851952
21	-34.4046048840155	0.284860324629238
21.02	-38.7210297254711	0.279417133712755
21.04	-42.4089193508189	0.286674721601398
21.06	-45.5751428602039	0.26671635490763
21.08	-47.9280744040776	0.268530751879791
21.1	-49.6343573250391	0.228614018492254
21.12	-50.5291596211696	0.228614018492254
21.14	-50.7501431841816	0.195954872993361
21.16	-50.1741368478061	0.179625300243914
21.18	-48.9279344596729	0.141522963828538
21.2	-46.8304019517393	0.125193391079092
21.22	-44.1242589751825	0.079833466775073
21.24	-40.6573529128468	0.059875100081305
21.26	-36.6597240311461	0.009071984860804
21.28	-32.0516733401418	-0.012700778805125
21.3	-26.9925988197114	-0.058060703109144
21.32	-21.5712561631958	-0.076204672830752
21.34	-15.796702073997	-0.132450978967735
21.36	-9.78123967430155	-0.139708566856378
21.38	-3.60819063540902	-0.183254094188236
21.4	2.63550069002014	-0.197769269965522
21.42	8.8447765425212	-0.230428415464415
21.44	14.8584276015362	-0.235871606380897
21.46	20.6782652077456	-0.264901957935469
21.48	26.1883635576022	-0.264901957935469
21.5	31.3271370679713	-0.286674721601398
21.52	35.987716638708	-0.277602736740595
21.54	40.0922146205538	-0.29030351554572
21.56	43.5844794524155	-0.270345148851952
21.58	46.433718342726	-0.277602736740595
21.6	48.5819683897115	-0.250386782158183
21.62	49.9984368018048	-0.246757988213862
21.64	50.6704441942429	-0.219542033631451
21.66	50.6251606772322	-0.201398063909843
21.68	49.8118687117209	-0.165110124466628
21.7	48.2106435502241	-0.14515175777286
21.72	45.9374109962892	-0.097977436496681
21.74	42.9758689837923	-0.078019069802912
21.76	39.3658670077029	-0.043545527331858
21.78	35.1472545629902	-0.016329572749447
21.8	30.4341461125212	0.021772763665929
21.82	25.2247303156154	0.052617512192662
21.84	19.625876272418	0.09616303952452
21.86	13.7788685560022	0.123378994106931
21.88	7.68551850704842	0.152409345661503
21.9	1.48529935794949	0.179625300243914
21.92	-4.72216515387114	0.203212460882004
21.94	-10.8082698401032	0.234057209408737
21.96	-16.8309776025204	0.250386782158183
21.98	-22.5439461085846	0.259458767018987
22	-27.9580434023786	0.272159545824112
22.02	-32.9537209989941	0.283045927657077
22.04	-37.4476572271315	0.279417133712755
22.06	-41.338417008687	0.286674721601398
22.08	-44.6024529148151	0.272159545824112
22.1	-47.3085958913718	0.268530751879791
22.12	-49.2014469024172	0.24131479729738
22.14	-50.3154214208793	0.24131479729738
22.16	-50.7501431841816	0.203212460882004
22.18	-50.4222905210245	0.188697285104718
22.2	-49.4133737620271	0.152409345661503
22.22	-47.5911650375183	0.143337360800699
22.24	-45.0625334476433	0.085276657691555
22.26	-41.8437810585259	0.076204672830752
22.28	-38.0127955194245	0.019958366693768
22.3	-33.6094263253084	0.010886381832965
22.32	-28.6735229711469	-0.04898871824834
22.34	-23.3137658977658	-0.063503894025626
22.36	-17.6261561612275	-0.119750200162609
22.38	-11.6740906853469	-0.134265375939895
22.4	-5.57168393299103	-0.174182109327432
22.42	0.662950689035994	-0.183254094188236
22.44	6.87222654153705	-0.230428415464415
22.46	12.9474631836866	-0.226799621520094
22.48	18.8832265934433	-0.26671635490763
22.5	24.5164961095688	-0.261273163991148
22.52	29.7784407862069	-0.288489118573559
22.54	34.5549461604909	-0.275788339768434
22.56	38.8442008917401	-0.295746706462202
22.58	42.5248451543662	-0.279417133712755
22.6	45.6204263772146	-0.279417133712755
22.62	47.9715465804078	-0.259458767018987
22.64	49.6180552589152	-0.255829973074666
22.66	50.5545183906956	-0.224985224547933
22.68	50.704859667171	-0.215913239687129
22.7	50.1487780782801	-0.172367712355271
22.72	48.7938952493213	-0.157852536577985
22.74	46.7344008956767	-0.103420627413163
22.76	43.964860995305	-0.088905451635877
22.78	40.5685972195059	-0.04898871824834
22.8	36.527496161475	-0.029030351554572
22.82	31.9103887670686	0.027215954582411
22.84	26.9128998297727	0.039916733387537
22.86	21.4299715901225	0.085276657691555
22.88	15.6717195670476	0.108863818329645
22.9	9.62184169442404	0.157852536577985
22.92	3.49407617254216	0.166924521438789
22.94	-2.76772855969125	0.212284445742808
22.96	-8.94983430198592	0.219542033631451
22.98	-14.9906554712073	0.244943591241701
23	-20.7579641976844	0.255829973074666
23.02	-26.2680625475409	0.277602736740595
23.04	-31.3796659477037	0.275788339768434
23.06	-36.0583589252446	0.286674721601398
23.08	-40.1628569070904	0.279417133712755
23.1	-43.6913485525607	0.272159545824112
23.12	-46.4953039258605	0.263087560963309
23.14	-48.6616673796502	0.257644370046826
23.16	-50.0763244510631	0.230428415464415
23.18	-50.704859667171	0.219542033631451
23.2	-50.6161039738301	0.190511682076879
23.22	-49.820925415123	0.159666933550146
23.24	-48.2197002536262	0.141522963828538
23.26	-45.9211089301653	0.101606230441002
23.28	-42.9305854667817	0.078019069802912
23.3	-39.3133381279705	0.041731130359697
23.32	-35.0512535069276	0.003628793944322
23.34	-30.3019182428501	-0.032659145498894
23.36	-25.0381622255315	-0.061689497053466
23.38	-19.4936484027469	-0.105235024385323
23.4	-13.5669416963923	-0.127007788051252
23.42	-7.46453494403642	-0.165110124466628
23.44	-1.29148590514389	-0.188697285104718
23.46	4.89967654055291	-0.215913239687129
23.48	11.0292534031152	-0.224985224547933
23.5	17.024791055326	-0.263087560963309
23.52	22.7649296715966	-0.263087560963309
23.54	28.1428001517821	-0.281231530684916
23.56	33.0950055720673	-0.281231530684916
23.58	37.5979985036069	-0.29030351554572
23.6	41.43622940543	-0.275788339768434
23.62	44.6912086081559	-0.277602736740595
23.64	47.2832371218459	-0.259458767018987
23.66	49.1923901990151	-0.259458767018987
23.68	50.3516482344879	-0.235871606380897
23.7	50.7410864807795	-0.221356430603611
23.72	50.4041771142202	-0.186882888132557
23.74	49.2992592991602	-0.163295727494467
23.76	47.4679938712493	-0.125193391079092
23.78	44.912192171168	-0.099791833468841
23.8	41.7550253651851	-0.061689497053466
23.82	37.853397539547	-0.039916733387537
23.84	33.4500283454309	0.009071984860804
23.86	28.5231816946716	0.029030351554572
23.88	23.1905947314968	0.081647863747234
23.9	17.4939282915564	0.09616303952452
23.92	11.5780896292844	0.14515175777286
23.94	5.44851276672205	0.150594948689342
23.96	-0.742649678974747	0.203212460882004
23.98	-6.96098223487794	0.206841254826325
24	-13.0815023940381	0.24312919426954
24.02	-19.0335678699186	0.24312919426954
24.04	-24.6052518029097	0.277602736740595
24.06	-29.8237243032176	0.263087560963309
24.08	-34.6346451504296	0.29030351554572
24.1	-38.8985411121529	0.272159545824112
24.12	-42.6208462104288	0.286674721601398
24.14	-45.7345408400814	0.263087560963309
24.16	-48.078415680553	0.26671635490763
24.18	-49.7321697217821	0.232242812436576
24.2	-50.5635750940977	0.228614018492254
24.22	-50.7573885469033	0.188697285104718
24.24	-50.139721374878	0.181439697216075
24.26	-48.8572921731362	0.139708566856378
24.28	-46.7434575990789	0.12156459713477
24.3	-43.9395022257791	0.070761481914269
24.32	-40.4816528668454	0.058060703109144
24.34	-36.4568538749384	0
24.36	-31.8216330737277	-0.010886381832965
24.38	-26.7625585532973	-0.067132687969948
24.4	-21.2615169068429	-0.081647863747234
24.42	-15.477906114242	-0.132450978967735
24.44	-9.41897153821631	-0.14515175777286
24.46	-3.24592249932377	-0.190511682076879
24.48	3.00682552950751	-0.197769269965522
24.5	9.14545909547195	-0.239500400325219
24.52	15.1409967476827	-0.24131479729738
24.54	20.9789477606964	-0.275788339768434
24.56	26.4709327037487	-0.270345148851952
24.58	31.5752907411897	-0.292117912517881
24.6	36.2358703119264	-0.288489118573559
24.62	40.3222548869679	-0.295746706462202
24.64	43.7710475424994	-0.275788339768434
24.66	46.5478328055928	-0.275788339768434
24.68	48.6707240830523	-0.252201179130344
24.7	50.0509656815371	-0.248572385186023
24.72	50.6958029637688	-0.210470048770647
24.74	50.5907452043041	-0.199583666937682
24.76	49.72311301838	-0.16873891841095
24.78	48.1055857907594	-0.139708566856378
24.8	45.7870697198138	-0.105235024385323
24.82	42.8255277073169	-0.078019069802912
24.84	39.1811102582994	-0.038102336415376
24.86	34.908157593174	-0.010886381832965
24.88	30.1425202629726	0.029030351554572
24.9	24.9149910592626	0.061689497053466
24.92	19.2980236092609	0.099791833468841
24.94	13.4075437165148	0.128822185023413
24.96	7.40294936090193	0.156038139605824
24.98	1.22084361860727	0.188697285104718
25	-5.00654564069805	0.203212460882004
25.02	-11.1977080863948	0.232242812436576
25.04	-17.1135467486669	0.24312919426954
25.06	-22.8627420683397	0.272159545824112
25.08	-28.2496692519272	0.272159545824112
25.1	-33.2109313756146	0.283045927657077
25.12	-37.6161119104112	0.277602736740595
25.14	-41.4887582851624	0.286674721601398
25.16	-44.789021004899	0.264901957935469
25.18	-47.415464991517	0.264901957935469
25.2	-49.281145892356	0.235871606380897
25.22	-50.4132338176224	0.234057209408737
25.24	-50.7410864807795	0.1941404760212
25.26	-50.4132338176224	0.190511682076879
25.28	-49.3083160025624	0.143337360800699
25.3	-47.5295794543838	0.136079772912056
25.32	-44.8940787643637	0.083462260719395
25.34	-41.6481562650399	0.07257587888643
25.36	-37.7664531868865	0.014515175777286
25.38	-33.3178004757598	-0.003628793944322
25.4	-28.4090672318047	-0.059875100081305
25.42	-23.110895741558	-0.067132687969948
25.44	-17.343587015081	-0.123378994106931
25.46	-11.3824648357983	-0.127007788051252
25.48	-5.19130239010153	-0.181439697216075
25.5	0.999860055595269	-0.185068491160396
25.52	7.24355138102442	-0.230428415464415
25.54	13.3024859570501	-0.230428415464415
25.56	19.1748524429919	-0.270345148851952
25.58	24.7827631895914	-0.264901957935469
25.6	29.9994243492189	-0.292117912517881
25.62	34.8030998337092	-0.277602736740595
25.64	39.0832978615564	-0.301189897378684
25.66	42.7277153105739	-0.275788339768434
25.68	45.7345408400814	-0.281231530684916
25.7	48.0965290873572	-0.252201179130344
25.72	49.7049996115757	-0.255829973074666
25.74	50.581688500902	-0.21772763665929
25.76	50.6867462603667	-0.214098842714968
25.78	50.0763244510631	-0.166924521438789
25.8	48.6797807864545	-0.156038139605824
25.82	46.6021730260056	-0.108863818329645
25.84	43.7891609493037	-0.092534245580198
25.86	40.3928971735046	-0.039916733387537
25.88	36.3246260052673	-0.029030351554572
25.9	31.716575314263	0.02358716063809
25.92	26.6303306836262	0.038102336415376
25.94	21.1111756303675	0.09616303952452
25.96	15.3094514309623	0.112492612273967
25.98	9.26863026174093	0.152409345661503
26	3.12275133305479	0.174182109327432
26.02	-3.03399563971391	0.210470048770647
26.04	-9.23421478881283	0.219542033631451
26.06	-15.2913380241581	0.255829973074666
26.08	-21.0586467506351	0.254015576102505
26.1	-26.5415749902853	0.279417133712755
26.12	-31.7075186108609	0.273973942796273
26.14	-36.3336827086694	0.288489118573559
26.16	-40.3657270632982	0.279417133712755
26.18	-43.8235764222318	0.277602736740595
26.2	-46.6365884989337	0.264901957935469
26.22	-48.741366369589	0.254015576102505
26.24	-50.1216079680737	0.234057209408737
26.26	-50.6867462603667	0.215913239687129
26.28	-50.6432740840365	0.195954872993361
26.3	-49.7683965353906	0.165110124466628
26.32	-48.1400012636875	0.139708566856378
26.34	-45.7870697198138	0.099791833468841
26.36	-42.7548854207803	0.078019069802912
26.38	-39.0923545649585	0.030844748526733
26.4	-34.8375153066373	0.007257587888643
26.42	-29.974065579693	-0.041731130359697
26.44	-24.7737064861893	-0.061689497053466
26.46	-19.1748524429919	-0.105235024385323
26.48	-13.3115426604522	-0.134265375939895
26.5	-7.2000792046942	-0.16873891841095
26.52	-0.990803352193138	-0.186882888132557
26.54	5.26194467663815	-0.224985224547933
26.56	11.3824648357983	-0.235871606380897
26.58	17.3526437184831	-0.263087560963309
26.6	23.0837256313517	-0.263087560963309
26.62	28.3909538250005	-0.29030351554572
26.64	33.3087437723576	-0.279417133712755
26.66	37.8189820666189	-0.295746706462202
26.68	41.6300428582357	-0.273973942796273
26.7	44.8759653575594	-0.283045927657077
26.72	47.415464991517	-0.263087560963309
26.74	49.2720891889538	-0.257644370046826
26.76	50.3697616412921	-0.228614018492254
26.78	50.7410864807795	-0.212284445742808
26.8	50.3697616412921	-0.179625300243914
26.82	49.1923901990151	-0.163295727494467
26.84	47.3448227049804	-0.116121406218288
26.86	44.7527941912904	-0.103420627413163
26.88	41.5430985055752	-0.050803115220501
26.9	37.632413976535	-0.036287939443215
26.92	33.238101485821	0.009071984860804
26.94	28.2931414282574	0.030844748526733
26.96	22.9243276514741	0.083462260719395
26.98	17.2023024420077	0.099791833468841
27	11.2321235593229	0.150594948689342
27.02	5.08624463063681	0.157852536577985
27.04	-1.12303122186425	0.206841254826325
27.06	-7.29608026075678	0.210470048770647
27.08	-13.391241650391	0.248572385186023
27.1	-19.2545514329306	0.244943591241701
27.12	-24.8534054761281	0.275788339768434
27.14	-30.1244068561683	0.273973942796273
27.16	-34.9172142965761	0.286674721601398
27.18	-39.1358267412888	0.277602736740595
27.2	-42.8164710039148	0.288489118573559
27.22	-45.8667687097526	0.26671635490763
27.24	-48.1671713738938	0.26671635490763
27.26	-49.7756418981123	0.234057209408737
27.28	-50.607047270428	0.226799621520094
27.3	-50.7320297773774	0.188697285104718
27.32	-50.1216079680737	0.174182109327432
27.34	-48.741366369589	0.143337360800699
27.36	-46.6021730260056	0.114307009246127
27.38	-43.7982176527058	0.076204672830752
27.4	-40.3131981835658	0.050803115220501
27.42	-36.2449270153285	0.007257587888643
27.44	-31.5915928073136	-0.019958366693768
27.46	-26.4799894071508	-0.065318290997787
27.48	-21.0061178709028	-0.088905451635877
27.5	-15.1246946815589	-0.134265375939895
27.52	-9.11828898526555	-0.14515175777286
27.54	-2.94523994637302	-0.188697285104718
27.56	3.26403590612804	-0.203212460882004
27.58	9.4461416484227	-0.234057209408737
27.6	15.4688494108399	-0.248572385186023
27.62	21.3158571272557	-0.270345148851952
27.64	26.7806719601016	-0.277602736740595
27.66	31.839746480532	-0.284860324629238
27.68	36.4568538749384	-0.284860324629238
27.7	40.4635394600412	-0.293932309490041
27.72	43.9032754121705	-0.277602736740595
27.74	46.6800606752639	-0.273973942796273
27.76	48.7594797763932	-0.259458767018987
27.78	50.1125512646716	-0.234057209408737
27.8	50.704859667171	-0.223170827575772
27.82	50.5635750940977	-0.190511682076879
27.84	49.6796408420497	-0.166924521438789
27.86	48.0258868008206	-0.132450978967735
27.88	45.6457851467406	-0.103420627413163
27.9	42.638959617233	-0.067132687969948
27.92	38.9601266952874	-0.041731130359697
27.94	34.6708719640381	0
27.96	29.8490830727436	0.030844748526733
27.98	24.6414786165182	0.065318290997787
28	19.0426245733208	0.099791833468841
28.02	13.1521446805747	0.141522963828538
28.04	7.05698329094052	0.157852536577985
28.06	0.874877548645861	0.195954872993361
28.08	-5.35975707338116	0.208655651798486
28.1	-11.5328061122737	0.239500400325219
28.12	-17.4848715881542	0.246757988213862
28.14	-23.1290091483623	0.273973942796273
28.16	-28.4960115844652	0.273973942796273
28.18	-33.4319149386266	0.292117912517881
28.2	-37.8715109463513	0.281231530684916
28.22	-41.7278552549787	0.29030351554572
28.24	-44.9303055779722	0.268530751879791
28.26	-47.538636157786	0.272159545824112
28.28	-49.3336747720883	0.235871606380897
28.3	-50.4404039278287	0.226799621520094
28.32	-50.7573885469033	0.197769269965522
28.34	-50.386063707416	0.188697285104718
28.36	-49.2286170126236	0.146966154745021
28.38	-47.3538794083825	0.127007788051252
28.4	-44.7437374878883	0.076204672830752
28.42	-41.4633995156364	0.063503894025626
28.44	-37.5798850968026	0.009071984860804
28.46	-33.1221756822737	-0.005443190916482
28.48	-28.1337434483799	-0.059875100081305
28.5	-22.792099781803	-0.074390275858591
28.52	-17.024791055326	-0.127007788051252
28.54	-11.0383101065173	-0.139708566856378
28.56	-4.85620436422268	-0.181439697216075
28.58	1.33495808147412	-0.197769269965522
28.6	7.51706382376878	-0.235871606380897
28.62	13.5488282895881	-0.234057209408737
28.64	19.4664782925405	-0.270345148851952
28.66	25.0653323357379	-0.270345148851952
28.68	30.3019182428501	-0.284860324629238
28.7	35.0766122764536	-0.277602736740595
28.72	39.3042814245684	-0.295746706462202
28.74	42.8871132904514	-0.279417133712755
28.76	45.8848821165568	-0.277602736740595
28.78	48.176228077296	-0.259458767018987
28.8	49.7683965353906	-0.246757988213862
28.82	50.5998019077063	-0.221356430603611
28.84	50.679500897645	-0.205026857854165
28.86	50.0237955713307	-0.172367712355271
28.88	48.6000817965157	-0.150594948689342
28.9	46.4862472224583	-0.107049421357484
28.92	43.6732351457564	-0.081647863747234
28.94	40.1972723800185	-0.043545527331858
28.96	36.085529035451	-0.018143969721608
28.98	31.4249494647144	0.018143969721608
29	26.3387048340776	0.054431909164823
29.02	20.7923796706125	0.090719848608038
29.04	15.035938988218	0.116121406218288
29.06	9.01323122580083	0.156038139605824
29.08	2.85648425303214	0.181439697216075
29.1	-3.37815036899489	0.208655651798486
29.12	-9.56931281469168	0.228614018492254
29.14	-15.6373040941195	0.248572385186023
29.16	-21.4299715901225	0.26671635490763
29.18	-26.8694276534424	0.277602736740595
29.2	-31.9013320636665	0.286674721601398
29.22	-36.5093827546707	0.284860324629238
29.24	-40.5522951533821	0.286674721601398
29.26	-44.02825791912	0.279417133712755
29.28	-46.7869297754091	0.272159545824112
29.3	-48.8572921731362	0.254015576102505
29.32	-50.165080144404	0.234057209408737
29.34	-50.7410864807795	0.214098842714968
29.36	-50.5998019077063	0.190511682076879
29.38	-49.7140563149778	0.152409345661503
29.4	-48.0512455703466	0.139708566856378
29.42	-45.6367284433384	0.088905451635877
29.44	-42.5773740340986	0.07257587888643
29.46	-38.8623142985444	0.021772763665929
29.48	-34.5911729740994	0.001814396972161
29.5	-29.753082016681	-0.04717432127618
29.52	-24.5074394061667	-0.067132687969948
29.54	-18.9013400002475	-0.112492612273967
29.56	-12.9402178209649	-0.132450978967735
29.58	-6.84505643133066	-0.174182109327432
29.6	-0.601365105901503	-0.192326079049039
29.62	5.59885404319742	-0.226799621520094
29.64	11.7012607955533	-0.235871606380897
29.66	17.6189107985058	-0.270345148851952
29.68	23.3409360079722	-0.268530751879791
29.7	28.6644662677448	-0.288489118573559
29.72	33.582256215102	-0.281231530684916
29.74	38.0309089262288	-0.293932309490041
29.76	41.8166109483195	-0.281231530684916
29.78	45.010004567911	-0.279417133712755
29.8	47.5114660475796	-0.263087560963309
29.82	49.3173727059645	-0.259458767018987
29.84	50.4132338176224	-0.223170827575772
29.86	50.7320297773774	-0.215913239687129
29.88	50.3244781242815	-0.174182109327432
29.9	49.1036345056742	-0.161481330522307
29.92	47.2107834946288	-0.114307009246127
29.94	44.5933962114129	-0.09616303952452
29.96	41.3837005256977	-0.058060703109144
29.98	37.4386005237294	-0.018143969721608
30	32.9627777023962	0.016329572749447
30.02	27.9743454685024	0.038102336415376
30.04	22.6055316917191	0.083462260719395
30.06	16.8672044161289	0.107049421357484
30.08	10.9060822368462	0.150594948689342
30.1	4.81997755061415	0.170553315383111
30.12	-1.38929830188691	0.201398063909843
30.14	-7.5877061103054	0.219542033631451
30.16	-13.6738107965375	0.246757988213862
30.18	-19.6077628656138	0.254015576102505
30.2	-25.1540880290788	0.272159545824112
30.22	-30.4069760023148	0.279417133712755
30.24	-35.1218957934643	0.288489118573559
30.26	-39.3223948313726	0.283045927657077
30.28	-42.9668122803902	0.284860324629238
30.3	-45.9736378098977	0.264901957935469
30.32	-48.2812858367607	0.259458767018987
30.34	-49.8915677016596	0.232242812436576
30.36	-50.607047270428	0.219542033631451
30.38	-50.7501431841816	0.197769269965522
30.4	-50.0690790883414	0.166924521438789
30.42	-48.6888374898566	0.148780551717181
30.44	-46.5134173326647	0.110678215301806
30.46	-43.6207062660241	0.074390275858591
30.48	-40.0922146205538	0.045359924304019
30.5	-35.987716638708	0.005443190916482
30.52	-31.3090236611671	-0.018143969721608
30.54	-26.1883635576022	-0.059875100081305
30.56	-20.6963786145499	-0.099791833468841
30.58	-14.8674843049384	-0.128822185023413
30.6	-8.77413425598457	-0.159666933550146
30.62	-2.61738728321588	-0.185068491160396
30.64	3.63536074561541	-0.206841254826325
30.66	9.79935308110581	-0.239500400325219
30.68	15.8057587773991	-0.255829973074666
30.7	21.5803128665979	-0.273973942796273
30.72	27.0197689299178	-0.277602736740595
30.74	32.0788434503482	-0.283045927657077
30.76	36.6778374379504	-0.292117912517881
30.78	40.6664096162489	-0.284860324629238
30.8	44.0989002056566	-0.273973942796273
30.82	46.8140998856155	-0.26671635490763
30.84	48.8572921731362	-0.257644370046826
30.86	50.165080144404	-0.232242812436576
30.88	50.7139163705731	-0.212284445742808
30.9	50.5454616872935	-0.190511682076879
30.92	49.6089985555131	-0.161481330522307
30.94	47.9099609972733	-0.132450978967735
30.96	45.5045005736673	-0.099791833468841
30.98	42.4270327576232	-0.061689497053466
31	38.7645019018014	-0.036287939443215
31.02	34.440831697624	0.007257587888643
31.04	29.6208541470099	0.030844748526733
31.06	24.3570981296913	0.068947084942109
31.08	18.7328853169679	0.103420627413163
31.1	12.8061786106133	0.139708566856378
31.12	6.71282856165954	0.165110124466628
31.14	0.521666115962749	0.195954872993361
31.16	-5.65138292292978	0.21772763665929
31.18	-11.7809597854921	0.24131479729738
31.2	-17.7420819647748	0.252201179130344
31.22	-23.4369370640348	0.26671635490763
31.24	-28.77133536789	0.272159545824112
31.26	-33.7235407881752	0.286674721601398
31.28	-38.1106079161675	0.286674721601398
31.3	-41.8691398280519	0.284860324629238
31.32	-45.0897035578497	0.272159545824112
31.34	-47.6183351477247	0.263087560963309
31.36	-49.4224304654292	0.239500400325219
31.38	-50.4657626973547	0.226799621520094
31.4	-50.7845586571097	0.199583666937682
31.42	-50.3770070040138	0.175996506299593
31.44	-49.157974726087	0.137894169884217
31.46	-47.2832371218459	0.127007788051252
31.48	-44.5843395080108	0.074390275858591
31.5	-41.3040015357589	0.058060703109144
31.52	-37.3679582371928	0.016329572749447
31.54	-32.8305498327251	-0.014515175777286
31.56	-27.8330608954292	-0.059875100081305
31.58	-22.4642471186459	-0.083462260719395
31.6	-16.6987497328493	-0.127007788051252
31.62	-10.7539296196904	-0.141522963828538
31.64	-4.58088058079789	-0.188697285104718
31.66	1.63564063442487	-0.199583666937682
31.68	7.86302989373019	-0.235871606380897
31.7	13.8857376561473	-0.244943591241701
31.72	19.8033876590998	-0.273973942796273
31.74	25.3750715920908	-0.270345148851952
31.76	30.5301471685838	-0.283045927657077
31.78	35.2722370699396	-0.284860324629238
31.8	39.4817928112502	-0.284860324629238
31.82	43.0718700398549	-0.279417133712755
31.84	46.0171099862279	-0.272159545824112
31.86	48.2903425401628	-0.255829973074666
31.88	49.820925415123	-0.244943591241701
31.9	50.6251606772322	-0.212284445742808
31.92	50.6704441942429	-0.201398063909843
31.94	49.9803233950005	-0.170553315383111
31.96	48.520382806577	-0.141522963828538
31.98	46.3540193527872	-0.107049421357484
32	43.4703649895487	-0.07257587888643
32.02	39.9944022238108	-0.043545527331858
32.04	35.8283186588305	-0.012700778805125
32.06	31.1949091983002	0.02358716063809
32.08	26.0996078642613	0.052617512192662
32.1	20.5460373380745	0.097977436496681
32.12	14.7352564352672	0.127007788051252
32.14	8.69443526604582	0.152409345661503
32.16	2.48515941354476	0.185068491160396
32.18	-3.74947520848226	0.210470048770647
32.2	-9.88810877444669	0.232242812436576
32.22	-15.8854577673379	0.246757988213862
32.24	-21.6690685599388	0.261273163991148
32.26	-27.1429400961868	0.272159545824112
32.28	-32.1766558470912	0.279417133712755
32.3	-36.7665931312913	0.286674721601398
32.32	-40.7551653095898	0.281231530684916
32.34	-44.2220713719256	0.279417133712755
32.36	-46.9463277552866	0.26671635490763
32.38	-48.9442365257967	0.244943591241701
32.4	-50.2357224309406	0.232242812436576
32.42	-50.7320297773774	0.208655651798486
32.44	-50.5635750940977	0.188697285104718
32.46	-49.6434140284412	0.154223742633664
32.48	-47.9190177006755	0.128822185023413
32.5	-45.5407273872758	0.088905451635877
32.52	-42.3745038778908	0.068947084942109
32.54	-38.6938596152647	0.019958366693768
32.56	-34.343019300881	0
32.58	-29.5049283434626	-0.045359924304019
32.6	-24.2248702600202	-0.068947084942109
32.62	-18.5644306336883	-0.116121406218288
32.64	-12.6123651578077	-0.134265375939895
32.66	-6.50995840545181	-0.16873891841095
32.68	-0.336909366559276	-0.1941404760212
32.7	5.87236648594178	-0.224985224547933
32.72	12.0019433485041	-0.239500400325219
32.74	17.9630655277868	-0.263087560963309
32.76	23.6506752643251	-0.270345148851952
32.78	28.9742055240977	-0.284860324629238
32.8	33.8648253612485	-0.281231530684916
32.82	38.2265337197148	-0.29030351554572
32.84	41.9941223350013	-0.277602736740595
32.86	45.1603458443863	-0.279417133712755
32.88	47.6455052579311	-0.261273163991148
32.9	49.4224304654292	-0.252201179130344
32.92	50.4567059939526	-0.224985224547933
32.94	50.7229730739752	-0.210470048770647
32.96	50.2900626513534	-0.181439697216075
32.98	49.060162329344	-0.154223742633664
33	47.1238391419683	-0.116121406218288
33.02	44.4702250451439	-0.092534245580198
33.04	41.1627169626857	-0.050803115220501
33.06	37.2176169607174	-0.019958366693768
33.08	32.6802085562497	0.021772763665929
33.1	27.7008330257581	0.04898871824834
33.12	22.3048491387684	0.085276657691555
33.14	16.5918806327041	0.114307009246127
33.16	10.6398151568236	0.150594948689342
33.18	4.49212488745701	0.179625300243914
33.2	-1.75156643797215	0.205026857854165
33.22	-7.92461547686468	0.219542033631451
33.24	-14.0360789326227	0.248572385186023
33.26	-19.8740299456364	0.255829973074666
33.28	-25.4094870650189	0.279417133712755
33.3	-30.5754306855945	0.279417133712755
33.32	-35.324765949672	0.286674721601398
33.34	-39.5524350977868	0.288489118573559
33.36	-43.1262102602677	0.279417133712755
33.38	-46.1420924931773	0.270345148851952
33.4	-48.3700415301016	0.254015576102505
33.42	-49.944096581392	0.232242812436576
33.44	-50.6613874908407	0.21772763665929
33.46	-50.704859667171	0.1941404760212
33.48	-50.0237955713307	0.166924521438789
33.5	-48.5475529167834	0.136079772912056
33.52	-46.3449626493851	0.099791833468841
33.54	-43.4703649895487	0.07257587888643
33.56	-39.9237599372742	0.034473542471054
33.58	-35.7939031859024	0.005443190916482
33.6	-31.1061535049593	-0.030844748526733
33.62	-25.9854934013944	-0.065318290997787
33.64	-20.4138094684034	-0.092534245580198
33.66	-14.5577450485855	-0.127007788051252
33.68	-8.45533829622956	-0.154223742633664
33.7	-2.23700574032637	-0.192326079049039
33.72	3.95415670537042	-0.210470048770647
33.74	10.0565634577263	-0.230428415464415
33.76	16.0611578133392	-0.254015576102505
33.78	21.8719387161465	-0.263087560963309
33.8	27.3113947794664	-0.275788339768434
33.82	32.3523558930926	-0.277602736740595
33.84	36.9169344077666	-0.279417133712755
33.86	40.896449882663	-0.277602736740595
33.88	44.2401847787298	-0.273973942796273
33.9	46.9028555789564	-0.264901957935469
33.92	48.936991163075	-0.246757988213862
33.94	50.2103636614146	-0.235871606380897
33.96	50.7229730739752	-0.210470048770647
33.98	50.5019895109632	-0.185068491160396
34	49.5292995655744	-0.159666933550146
34.02	47.8049032378086	-0.125193391079092
34.04	45.3541592971919	-0.099791833468841
34.06	42.2948048879521	-0.065318290997787
34.08	38.5616317455936	-0.032659145498894
34.1	34.2017347278077	0.005443190916482
34.12	29.3364736601829	0.032659145498894
34.14	24.0473588733384	0.079833466775073
34.16	18.3959759504086	0.105235024385323
34.18	12.5236094644668	0.141522963828538
34.2	6.45561818503902	0.163295727494467
34.22	0.257210376620522	0.197769269965522
34.24	-5.93395206907627	0.214098842714968
34.26	-12.1251145147731	0.24131479729738
34.28	-18.0699346279319	0.255829973074666
34.3	-23.7303742542638	0.268530751879791
34.32	-29.0357911072322	0.272159545824112
34.34	-33.9101088782591	0.279417133712755
34.36	-38.270005896045	0.281231530684916
34.38	-42.0647646215379	0.281231530684916
34.4	-45.230988130923	0.272159545824112
34.42	-47.7505630173958	0.263087560963309
34.44	-49.5111861587701	0.235871606380897
34.46	-50.5201029177675	0.228614018492254
34.48	-50.7845586571097	0.203212460882004
34.5	-50.3244781242815	0.177810903271753
34.52	-49.1217479124785	0.14515175777286
34.54	-47.1328958453705	0.117935803190449
34.56	-44.4339982315354	0.079833466775073
34.58	-41.0993200388708	0.052617512192662
34.6	-37.1288612673765	0.010886381832965
34.62	-32.5914528629088	-0.014515175777286
34.64	-27.5939639256129	-0.063503894025626
34.66	-22.2342068522318	-0.079833466775073
34.68	-16.4234259494245	-0.125193391079092
34.7	-10.4369450006158	-0.141522963828538
34.72	-4.23672585151691	-0.186882888132557
34.74	1.99972011119054	-0.199583666937682
34.76	8.2162413264133	-0.228614018492254
34.78	14.2226470227066	-0.244943591241701
34.8	20.0587866950399	-0.268530751879791
34.82	25.6141685619071	-0.268530751879791
34.84	30.7692441384001	-0.284860324629238
34.86	35.5276361058797	-0.277602736740595
34.88	39.7118330776643	-0.288489118573559
34.9	43.2403247231346	-0.275788339768434
34.92	46.1765079661054	-0.270345148851952
34.94	48.3790982335037	-0.257644370046826
34.96	49.8825109982575	-0.239500400325219
34.98	50.6342173806343	-0.212284445742808
35	50.6432740840365	-0.190511682076879
35.02	49.918737811866	-0.159666933550146
35.04	48.4062683437101	-0.139708566856378
35.06	46.212734779714	-0.101606230441002
35.08	43.3290804164754	-0.078019069802912
35.1	39.8005887710052	-0.030844748526733
35.12	35.643561909427	-0.007257587888643
35.14	30.9286421182776	0.02358716063809
35.16	25.7989253113105	0.061689497053466
35.18	20.2091279715153	0.097977436496681
35.2	14.398347068708	0.127007788051252
35.22	8.34846919608441	0.159666933550146
35.24	2.21164697080041	0.181439697216075
35.26	-3.97951547489639	0.210470048770647
35.28	-10.1362624476651	0.235871606380897
35.3	-16.1933856830103	0.252201179130344
35.32	-21.933524299281	0.255829973074666
35.34	-27.3729803626009	0.273973942796273
35.36	-32.4682816966399	0.281231530684916
35.38	-36.969463287499	0.286674721601398
35.4	-40.9145632894673	0.279417133712755
35.42	-44.3017703618643	0.270345148851952
35.44	-47.0604422181534	0.261273163991148
35.46	-48.9985767462095	0.246757988213862
35.48	-50.2810059479512	0.228614018492254
35.5	-50.7573885469033	0.210470048770647
35.52	-50.5545183906956	0.183254094188236
35.54	-49.5908851487089	0.156038139605824
35.56	-47.9009042938712	0.128822185023413
35.58	-45.3813294073983	0.088905451635877
35.6	-42.2585780743435	0.061689497053466
35.62	-38.4384605793247	0.02358716063809
35.64	-34.122035737869	-0.005443190916482
35.66	-29.2223591973161	-0.04898871824834
35.68	-23.9241877070694	-0.074390275858591
35.7	-18.2909181909439	-0.107049421357484
35.72	-12.3551547811872	-0.134265375939895
35.74	-6.21833255590319	-0.165110124466628
35.76	-0.009056703402131	-0.1941404760212
35.78	6.23463462202702	-0.21772763665929
35.8	12.3388527150634	-0.239500400325219
35.82	18.299974894346	-0.263087560963309
35.84	23.9151310036673	-0.264901957935469
35.86	29.1951890871097	-0.277602736740595
35.88	34.0604501547345	-0.281231530684916
35.9	38.4384605793247	-0.279417133712755
35.92	42.1879357878069	-0.275788339768434
35.94	45.3016304174596	-0.26671635490763
35.96	47.7686764242001	-0.255829973074666
35.98	49.5111861587701	-0.244943591241701
36	50.5019895109632	-0.21772763665929
36.02	50.7229730739752	-0.203212460882004
36.04	50.2357224309406	-0.172367712355271
36.06	48.962349932601	-0.156038139605824
36.08	46.9897999316168	-0.117935803190449
36.1	44.2655435482558	-0.081647863747234
36.12	40.9670921691997	-0.054431909164823
36.14	37.0056901011075	-0.021772763665929
36.16	32.502697169568	0.016329572749447
36.18	27.4889061661482	0.045359924304019
36.2	22.0494501028283	0.090719848608038
36.22	16.3002547831555	0.114307009246127
36.24	10.2956604275426	0.148780551717181
36.26	4.12985675137176	0.172367712355271
36.28	-2.06130569432503	0.205026857854165
36.3	-8.20718462301117	0.219542033631451
36.32	-14.275175902439	0.24131479729738
36.34	-20.0950135086484	0.261273163991148
36.36	-25.6304706280309	0.26671635490763
36.38	-30.8489431283388	0.279417133712755
36.4	-35.545749512684	0.281231530684916
36.42	-39.7118330776643	0.279417133712755
36.44	-43.2928536028669	0.277602736740595
36.46	-46.2217914831161	0.264901957935469
36.48	-48.4225704098339	0.255829973074666
36.5	-49.9259831745877	0.234057209408737
36.52	-50.6704441942429	0.215913239687129
36.54	-50.679500897645	0.188697285104718
36.56	-49.918737811866	0.166924521438789
36.58	-48.4406838166382	0.128822185023413
36.6	-46.2036780763118	0.105235024385323
36.62	-43.2928536028669	0.065318290997787
36.64	-39.7371918471903	0.038102336415376
36.66	-35.5276361058797	-0.003628793944322
36.68	-30.7873575452043	-0.025401557610251
36.7	-25.6304706280309	-0.07257587888643
36.72	-20.0950135086484	-0.088905451635877
36.74	-14.2226470227066	-0.127007788051252
36.76	-8.17276915008307	-0.154223742633664
36.78	-1.98160670438628	-0.190511682076879
36.8	4.25483925832117	-0.206841254826325
36.82	10.4007181870073	-0.237686003353058
36.84	16.3890104764964	-0.246757988213862
36.86	22.1907346759015	-0.268530751879791
36.88	27.6030206290151	-0.272159545824112
36.9	32.5823961595067	-0.277602736740595
36.92	37.1107478605722	-0.272159545824112
36.94	41.0377344557363	-0.281231530684916
36.96	44.3905260552052	-0.272159545824112
36.98	47.0531968554317	-0.268530751879791
37	49.0329922191376	-0.244943591241701
37.02	50.262892541147	-0.228614018492254
37.04	50.7320297773774	-0.203212460882004
37.06	50.4748194007568	-0.186882888132557
37.08	49.4224304654292	-0.150594948689342
37.1	47.6980341376635	-0.130636581995574
37.12	45.230988130923	-0.085276657691555
37.14	42.1082367978682	-0.065318290997787
37.16	38.3134780723753	-0.025401557610251
37.18	33.926410944383	0.001814396972161
37.2	29.090131327645	0.041731130359697
37.22	23.8100732442026	0.074390275858591
37.24	18.1405769144685	0.110678215301806
37.26	12.2319836149182	0.136079772912056
37.28	6.11146345575804	0.166924521438789
37.3	-0.070642286536622	0.192326079049039
37.32	-6.27991813903768	0.219542033631451