0	0	-0.298164796414831
0.02	0	-0.275338783292165
0.04	0	-0.256792647629998
0.06	0	-0.235393260327498
0.08	0	-0.211140621384665
0.1	0	-0.179754853340999
0.12	0	-0.149795711117499
0.14	0	-0.116983317253666
0.16	0	-0.079891045929333
0.18	0	-0.0470786520655
0.2	0	-0.011413006561333
0.22	0	0.027105890583167
0.24	0	0.062771536087333
0.26	0	0.097010555771333
0.28	0	0.129822949635166
0.3	0	0.164061969319165
0.32	0	0.192594485722498
0.34	0	0.215420498845165
0.36	0	0.242526389428331
0.38	0	0.263925776730831
0.4	0	0.272485531651831
0.42	0	0.286751789853498
0.44	0	0.299591422234998
0.46	0	0.301018048055164
0.48	0	0.295311544774498
0.5	0	0.292458293134164
0.52	0	0.276765409112331
0.54	0	0.266779028371165
0.56	0	0.249659518529165
0.58	0	0.218273750485498
0.6	0	0.206860743924165
0.62	0	0.172621724240165
0.64	0	0.145515833656999
0.66	0	0.105570310692333
0.68	0	0.0727579168285
0.7	0	0.041372148784833
0.72	0	0.002853251640333
0.74	0	-0.037092271324333
0.76	0	-0.067051413547833
0.78	0	-0.102717059051999
0.8	0	-0.132676201275499
0.82	0	-0.164061969319165
0.84	0	-0.195447737362832
0.86	0	-0.219700376305665
0.88	0	-0.238246511967831
0.9	0	-0.261072525090498
0.92	0	-0.272485531651831
0.94	0	-0.288178415673664
0.96	0	-0.292458293134164
0.98	0	-0.295311544774498
1	0	-0.292458293134164
1.02	0	-0.286751789853498
1.04	0	-0.273912157471998
1.06	0	-0.262499150910665
1.08	0	-0.242526389428331
1.1	0	-0.221127002125832
1.12	0	-0.198300989003165
1.14	0	-0.172621724240165
1.16	0	-0.138382704556166
1.18	0	-0.104143684872166
1.2	0	-0.0727579168285
1.22	0	-0.041372148784833
1.24	0	-0.005706503280667
1.26	0	0.027105890583167
1.28	0	0.0641981619075
1.3	0	0.097010555771333
1.32	0	0.134102827095666
1.34	0	0.159782091858665
1.36	0	0.186887982441832
1.38	0	0.211140621384665
1.4	0	0.232540008687165
1.42	0	0.246806266888831
1.44	0	0.262499150910665
1.46	0	0.269632280011498
1.48	0	0.281045286572831
1.5	0	0.283898538213164
1.52	0	0.272485531651831
1.54	0	0.272485531651831
1.56	0	0.262499150910665
1.58	0	0.245379641068665
1.6	0	0.225406879586332
1.62	0	0.206860743924165
1.64	0	0.188314608261999
1.66	0	0.159782091858665
1.68	0	0.121263194714166
1.7	0	0.099863807411666
1.72	0	0.062771536087333
1.74	0	0.0385188971445
1.76	0	-0.002853251640333
1.78	0	-0.031385768043667
1.8	0	-0.0727579168285
1.82	0	-0.101290433231833
1.84	0	-0.129822949635166
1.86	0	-0.159782091858665
1.88	0	-0.185461356621665
1.9	0	-0.209713995564498
1.92	0	-0.226833505406498
1.94	0	-0.239673137787998
1.96	0	-0.265352402550998
1.98	0	-0.268205654191331
2	0	-0.273912157471998
2.02	0	-0.279618660752664
2.04	0	-0.272485531651831
2.06	0	-0.268205654191331
2.08	0	-0.255366021809831
2.1	0	-0.239673137787998
2.12	0	-0.226833505406498
2.14	0	-0.201154240643498
2.16	0	-0.182608104981332
2.18	0	-0.149795711117499
2.2	0	-0.128396323814999
2.22	0	-0.097010555771333
2.24	0	-0.0727579168285
2.26	0	-0.034239019684
2.28	0	0.002853251640333
2.3	0	0.034239019684
2.32	0	0.065624787727666
2.34	0	0.097010555771333
2.36	0	0.126969697994832
2.38	0	0.156928840218332
2.4	0	0.178328227520832
2.42	0	0.205434118103998
2.44	0	0.221127002125832
2.46	0	0.238246511967831
2.48	0	0.252512770169498
2.5	0	0.262499150910665
2.52	0	0.265352402550998
2.54	0	0.261072525090498
2.56	0	0.239673137787998
2.58	0	0.231113382866998
2.6	0	0.215420498845165
2.62	0	0.199727614823332
2.64	0	0.169768472599832
2.66	0	0.146942459477165
2.68	0	0.112703439793166
2.7	0	0.091304052490666
2.72	0	0.057065032806666
2.74	0	0.022826013122667
2.76	0	-0.007133129100833
2.78	0	-0.0385188971445
2.8	0	-0.0727579168285
2.82	0	-0.099863807411666
2.84	0	-0.126969697994832
2.86	0	-0.156928840218332
2.88	0	-0.179754853340999
2.9	0	-0.201154240643498
2.92	0	-0.216847124665332
2.94	0	-0.232540008687165
2.96	0	-0.249659518529165
2.98	0	-0.258219273450165
3	0	-0.262499150910665
3.02	0	-0.261072525090498
3.04	0	-0.261072525090498
3.06	0	-0.255366021809831
3.08	0	-0.243953015248498
3.1	0	-0.223980253766165
3.12	0	-0.209713995564498
3.14	0	-0.192594485722498
3.16	0	-0.169768472599832
3.18	0	-0.144089207836832
3.2	0	-0.114130065613332
3.22	0	-0.085597549209999
3.24	0	-0.0556384069865
3.26	0	-0.025679264763
3.28	0	0.007133129100833
3.3	0	0.037092271324333
3.32	0	0.068478039368
3.34	0	0.091304052490666
3.36	0	0.121263194714166
3.38	0	0.148369085297332
3.4	0	0.172621724240165
3.42	0	0.191167859902332
3.44	0	0.211140621384665
3.46	0	0.222553627945998
3.48	0	0.233966634507332
3.5	0	0.243953015248498
3.52	0	0.251086144349331
3.54	0	0.255366021809831
3.56	0	0.245379641068665
3.58	0	0.236819886147665
3.6	0	0.231113382866998
3.62	0	0.212567247204832
3.64	0	0.206860743924165
3.66	0	0.178328227520832
3.68	0	0.156928840218332
3.7	0	0.132676201275499
3.72	0	0.105570310692333
3.74	0	0.081317671749499
3.76	0	0.049931903705833
3.78	0	0.019972761482333
3.8	0	-0.007133129100833
3.82	0	-0.0385188971445
3.84	0	-0.069904665188166
3.86	0	-0.098437181591499
3.88	0	-0.119836568893999
3.9	0	-0.148369085297332
3.92	0	-0.174048350060332
3.94	0	-0.191167859902332
3.96	0	-0.209713995564498
3.98	0	-0.222553627945998
4	0	-0.233966634507332
4.02	0	-0.245379641068665
4.04	0	-0.246806266888831
4.06	0	-0.248232892708998
4.08	0	-0.245379641068665
4.1	0	-0.238246511967831
4.12	0	-0.219700376305665
4.14	0	-0.215420498845165
4.16	0	-0.196874363182999
4.18	0	-0.179754853340999
4.2	0	-0.156928840218332
4.22	0	-0.132676201275499
4.24	0	-0.104143684872166
4.26	0	-0.079891045929333
4.28	0	-0.049931903705833
4.3	0	-0.024252638942833
4.32	0	0.007133129100833
4.34	0	0.034239019684
4.36	0	0.0641981619075
4.38	0	0.085597549209999
4.4	0	0.118409943073832
4.42	0	0.141235956196499
4.44	0	0.168341846779665
4.46	0	0.181181479161165
4.48	0	0.201154240643498
4.5	0	0.216847124665332
4.52	0	0.223980253766165
4.54	0	0.233966634507332
4.56	0	0.233966634507332
4.58	0	0.233966634507332
4.6	0	0.232540008687165
4.62	0	0.228260131226665
4.64	0	0.216847124665332
4.66	0	0.202580866463665
4.68	0	0.186887982441832
4.7	0	0.169768472599832
4.72	0	0.148369085297332
4.74	0	0.119836568893999
4.76	0	0.098437181591499
4.78	0	0.071331291008333
4.8	0	0.045652026245333
4.82	0	0.015692884021833
4.84	0	-0.014266258201667
4.86	0	-0.044225400425166
4.88	0	-0.071331291008333
4.9	0	-0.116983317253666
4.92	0	-0.138382704556166
4.94	0	-0.199727614823332
4.96	0	-0.223980253766165
4.98	0	-0.228260131226665
5	0	-0.226833505406498
5.02	0	-0.221127002125832
5.04	0	-0.212567247204832
5.06	0	-0.198300989003165
5.08	0	-0.142662582016666
5.1	0	-0.068478039368
5.12	0	-0.044225400425166
5.14	0	-0.015692884021833
5.16	0	0.067051413547833
5.18	0	0.116983317253666
5.2	0	0.134102827095666
5.22	0	0.164061969319165
5.24	0	0.178328227520832
5.26	0	0.192594485722498
5.28	0	0.201154240643498
5.3	0	0.218273750485498
5.32	0	0.218273750485498
5.34	0	0.225406879586332
5.36	0	0.223980253766165
5.38	0	0.222553627945998
5.4	0	0.211140621384665
5.42	0	0.205434118103998
5.44	0	0.192594485722498
5.46	0	0.178328227520832
5.48	0	0.154075588577999
5.5	0	0.138382704556166
5.52	0	0.115556691433499
5.54	0	0.087024175030166
5.56	0	0.0641981619075
5.58	0	0.039945522964666
5.6	0	0.009986380741167
5.62	0	-0.014266258201667
5.64	0	-0.044225400425166
5.66	0	-0.071331291008333
5.68	0	-0.095583929951166
5.7	0	-0.112703439793166
5.72	0	-0.136956078735999
5.74	0	-0.156928840218332
5.76	0	-0.178328227520832
5.78	0	-0.189741234082165
5.8	0	-0.199727614823332
5.82	0	-0.211140621384665
5.84	0	-0.216847124665332
5.86	0	-0.221127002125832
5.88	0	-0.216847124665332
5.9	0	-0.216847124665332
5.92	0	-0.209713995564498
5.94	0	-0.202580866463665
5.96	0	-0.189741234082165
5.98	0	-0.168341846779665
6	0	-0.152648962757832
6.02	0	-0.134102827095666
6.04	0	-0.114130065613332
6.06	0	-0.089877426670499
6.08	0	-0.067051413547833
6.1	0	-0.035665645504166
6.12	0	-0.0128396323815
6.14	0	0.009986380741167
6.16	0	0.0385188971445
6.18	0	0.065624787727666
6.2	0	0.085597549209999
6.22	0	0.114130065613332
6.24	0	0.136956078735999
6.26	0	0.152648962757832
6.28	0	0.168341846779665
6.3	0	0.182608104981332
6.32	0	0.196874363182999
6.34	0	0.204007492283832
6.36	0	0.209713995564498
6.38	0	0.212567247204832
6.4	0	0.206860743924165
6.42	0	0.206860743924165
6.44	0	0.198300989003165
6.46	0	0.189741234082165
6.48	0	0.175474975880499
6.5	0	0.162635343498999
6.52	0	0.148369085297332
6.54	0	0.125543072174666
6.56	0	0.104143684872166
6.58	0	0.078464420109166
6.6	0	0.051358529526
6.62	0	0.034239019684
6.64	0	0.0042798774605
6.66	0	-0.017119509842
6.68	0	-0.045652026245333
6.7	0	-0.067051413547833
6.72	0	-0.092730678310833
6.74	0	-0.108423562332666
6.76	0	-0.126969697994832
6.78	0	-0.155502214398165
6.8	0	-0.166915220959499
6.82	0	-0.181181479161165
6.84	0	-0.194021111542665
6.86	0	-0.199727614823332
6.88	0	-0.206860743924165
6.9	0	-0.211140621384665
6.92	0	-0.205434118103998
6.94	0	-0.201154240643498
6.96	0	-0.198300989003165
6.98	0	-0.191167859902332
7	0	-0.169768472599832
7.02	0	-0.161208717678832
7.04	0	-0.145515833656999
7.06	0	-0.131249575455332
7.08	0	-0.106996936512499
7.1	0	-0.085597549209999
7.12	0	-0.0556384069865
7.14	0	-0.034239019684
7.16	0	-0.011413006561333
7.18	0	0.011413006561333
7.2	0	0.0385188971445
7.22	0	0.062771536087333
7.24	0	0.079891045929333
7.26	0	0.101290433231833
7.28	0	0.126969697994832
7.3	0	0.144089207836832
7.32	0	0.156928840218332
7.34	0	0.169768472599832
7.36	0	0.184034730801499
7.38	0	0.191167859902332
7.4	0	0.195447737362832
7.42	0	0.196874363182999
7.44	0	0.196874363182999
7.46	0	0.194021111542665
7.48	0	0.186887982441832
7.5	0	0.181181479161165
7.52	0	0.162635343498999
7.54	0	0.155502214398165
7.56	0	0.134102827095666
7.58	0	0.115556691433499
7.6	0	0.092730678310833
7.62	0	0.0727579168285
7.64	0	0.051358529526
7.66	0	0.031385768043667
7.68	0	0.001426625820167
7.7	0	-0.017119509842
7.72	0	-0.041372148784833
7.74	0	-0.067051413547833
7.76	0	-0.088450800850333
7.78	0	-0.105570310692333
7.8	0	-0.116983317253666
7.82	0	-0.139809330376332
7.84	0	-0.158355466038499
7.86	0	-0.172621724240165
7.88	0	-0.184034730801499
7.9	0	-0.192594485722498
7.92	0	-0.196874363182999
7.94	0	-0.195447737362832
7.96	0	-0.196874363182999
7.98	0	-0.192594485722498
8	0	-0.186887982441832
8.02	0	-0.175474975880499
8.04	0	-0.162635343498999
8.06	0	-0.154075588577999
8.08	0	-0.138382704556166
8.1	0	-0.121263194714166
8.12	0	-0.097010555771333
8.14	0	-0.078464420109166
8.16	0	-0.052785155346166
8.18	0	-0.0299591422235
8.2	0	-0.007133129100833
8.22	0	0.015692884021833
8.24	0	0.037092271324333
8.26	0	0.062771536087333
8.28	0	0.079891045929333
8.3	0	0.099863807411666
8.32	0	0.119836568893999
8.34	0	0.134102827095666
8.36	0	0.146942459477165
8.38	0	0.164061969319165
8.4	0	0.175474975880499
8.42	0	0.185461356621665
8.44	0	0.181181479161165
8.46	0	0.186887982441832
8.48	0	0.186887982441832
8.5	0	0.179754853340999
8.52	0	0.178328227520832
8.54	0	0.168341846779665
8.56	0	0.155502214398165
8.58	0	0.142662582016666
8.6	0	0.126969697994832
8.62	0	0.105570310692333
8.64	0	0.087024175030166
8.66	0	0.0727579168285
8.68	0	0.0470786520655
8.7	0	0.024252638942833
8.72	0	-0.002853251640333
8.74	0	-0.015692884021833
8.76	0	-0.044225400425166
8.78	0	-0.065624787727666
8.8	0	-0.085597549209999
8.82	0	-0.102717059051999
8.84	0	-0.111276813972999
8.86	0	-0.131249575455332
8.88	0	-0.155502214398165
8.9	0	-0.162635343498999
8.92	0	-0.172621724240165
8.94	0	-0.179754853340999
8.96	0	-0.185461356621665
8.98	0	-0.191167859902332
9	0	-0.188314608261999
9.02	0	-0.185461356621665
9.04	0	-0.172621724240165
9.06	0	-0.164061969319165
9.08	0	-0.154075588577999
9.1	0	-0.139809330376332
9.12	0	-0.135529452915832
9.14	0	-0.109850188152832
9.16	0	-0.089877426670499
9.18	0	-0.0727579168285
9.2	0	-0.0470786520655
9.22	0	-0.028532516403333
9.24	0	-0.008559754921
9.26	0	0.015692884021833
9.28	0	0.035665645504166
9.3	0	0.057065032806666
9.32	0	0.075611168468833
9.34	0	0.092730678310833
9.36	0	0.114130065613332
9.38	0	0.134102827095666
9.4	0	0.138382704556166
9.42	0	0.158355466038499
9.44	0	0.166915220959499
9.46	0	0.169768472599832
9.48	0	0.175474975880499
9.5	0	0.179754853340999
9.52	0	0.176901601700665
9.54	0	0.171195098419999
9.56	0	0.165488595139332
9.58	0	0.159782091858665
9.6	0	0.145515833656999
9.62	0	0.134102827095666
9.64	0	0.119836568893999
9.66	0	0.097010555771333
9.68	0	0.079891045929333
9.7	0	0.0641981619075
9.72	0	0.0470786520655
9.74	0	0.019972761482333
9.76	0	-0.001426625820167
9.78	0	-0.022826013122667
9.8	0	-0.039945522964666
9.82	0	-0.061344910267166
9.84	0	-0.081317671749499
9.86	0	-0.098437181591499
9.88	0	-0.108423562332666
9.9	0	-0.122689820534332
9.92	0	-0.144089207836832
9.94	0	-0.158355466038499
9.96	0	-0.162635343498999
9.98	0	-0.171195098419999
10	0	-0.168341846779665
10.02	0	-0.176901601700665
10.04	0	-0.174048350060332
10.06	0	-0.169768472599832
10.08	0	-0.164061969319165
10.1	0	-0.155502214398165
10.12	0	-0.146942459477165
10.14	0	-0.134102827095666
10.16	0	-0.119836568893999
10.18	0	-0.102717059051999
10.2	0	-0.087024175030166
10.22	0	-0.061344910267166
10.24	0	-0.045652026245333
10.26	0	-0.028532516403333
10.28	0	-0.0042798774605
10.3	0	0.017119509842
10.32	0	0.0385188971445
10.34	0	0.057065032806666
10.36	0	0.0727579168285
10.38	0	0.091304052490666
10.4	0	0.111276813972999
10.42	0	0.121263194714166
10.44	0	0.135529452915832
10.46	0	0.145515833656999
10.48	0	0.158355466038499
10.5	0	0.164061969319165
10.52	0	0.169768472599832
10.54	0	0.169768472599832
10.56	0	0.168341846779665
10.58	0	0.158355466038499
10.6	0	0.156928840218332
10.62	0	0.148369085297332
10.64	0	0.136956078735999
10.66	0	0.129822949635166
10.68	0	0.116983317253666
10.7	0	0.098437181591499
10.72	0	0.078464420109166
10.74	0	0.058491658626833
10.76	0	0.041372148784833
10.78	0	0.022826013122667
10.8	0	-0.002853251640333
10.82	0	-0.017119509842
10.84	0	-0.041372148784833
10.86	0	-0.061344910267166
10.88	0	-0.079891045929333
10.9	0	-0.099863807411666
10.92	0	-0.106996936512499
10.94	0	-0.115556691433499
10.96	0	-0.138382704556166
10.98	0	-0.149795711117499
11	0	-0.155502214398165
11.02	0	-0.164061969319165
11.04	0	-0.162635343498999
11.06	0	-0.166915220959499
11.08	0	-0.162635343498999
11.1	0	-0.164061969319165
11.12	0	-0.155502214398165
11.14	0	-0.144089207836832
11.16	0	-0.128396323814999
11.18	0	-0.121263194714166
11.2	0	-0.108423562332666
11.22	0	-0.092730678310833
11.24	0	-0.075611168468833
11.26	0	-0.061344910267166
11.28	0	-0.039945522964666
11.3	0	-0.025679264763
11.32	0	-0.002853251640333
11.34	0	0.015692884021833
11.36	0	0.032812393863833
11.38	0	0.054211781166333
11.4	0	0.071331291008333
11.42	0	0.085597549209999
11.44	0	0.101290433231833
11.46	0	0.115556691433499
11.48	0	0.129822949635166
11.5	0	0.139809330376332
11.52	0	0.146942459477165
11.54	0	0.152648962757832
11.56	0	0.158355466038499
11.58	0	0.161208717678832
11.6	0	0.159782091858665
11.62	0	0.156928840218332
11.64	0	0.145515833656999
11.66	0	0.135529452915832
11.68	0	0.131249575455332
11.7	0	0.119836568893999
11.72	0	0.099863807411666
11.74	0	0.082744297569666
11.76	0	0.069904665188166
11.78	0	0.0556384069865
11.8	0	0.032812393863833
11.82	0	0.015692884021833
11.84	0	-0.007133129100833
11.86	0	-0.018546135662167
11.88	0	-0.044225400425166
11.9	0	-0.061344910267166
11.92	0	-0.079891045929333
11.94	0	-0.092730678310833
11.96	0	-0.105570310692333
11.98	0	-0.111276813972999
12	0	-0.126969697994832
12.02	0	-0.135529452915832
12.04	0	-0.149795711117499
12.06	0	-0.158355466038499
12.08	0	-0.155502214398165
12.1	0	-0.162635343498999
12.12	0	-0.158355466038499
12.14	0	-0.155502214398165
12.16	0	-0.146942459477165
12.18	0	-0.139809330376332
12.2	0	-0.136956078735999
12.22	0	-0.122689820534332
12.24	0	-0.105570310692333
12.26	0	-0.091304052490666
12.28	0	-0.077037794288999
12.3	0	-0.0556384069865
12.32	0	-0.041372148784833
12.34	0	-0.024252638942833
12.36	0	0.002853251640333
12.38	0	0.015692884021833
12.4	0	0.032812393863833
12.42	0	0.057065032806666
12.44	0	0.0727579168285
12.46	0	0.081317671749499
12.48	0	0.098437181591499
12.5	0	0.111276813972999
12.52	0	0.128396323814999
12.54	0	0.135529452915832
12.56	0	0.139809330376332
12.58	0	0.145515833656999
12.6	0	0.151222336937665
12.62	0	0.149795711117499
12.64	0	0.151222336937665
12.66	0	0.146942459477165
12.68	0	0.142662582016666
12.7	0	0.132676201275499
12.72	0	0.118409943073832
12.74	0	0.111276813972999
12.76	0	0.092730678310833
12.78	0	0.079891045929333
12.8	0	0.068478039368
12.82	0	0.048505277885666
12.84	0	0.034239019684
12.86	0	0.015692884021833
12.88	0	-0.008559754921
12.9	0	-0.019972761482333
12.92	0	-0.039945522964666
12.94	0	-0.059918284447
12.96	0	-0.071331291008333
12.98	0	-0.092730678310833
13	0	-0.102717059051999
13.02	0	-0.108423562332666
13.04	0	-0.115556691433499
13.06	0	-0.131249575455332
13.08	0	-0.144089207836832
13.1	0	-0.149795711117499
13.12	0	-0.151222336937665
13.14	0	-0.151222336937665
13.16	0	-0.148369085297332
13.18	0	-0.144089207836832
13.2	0	-0.144089207836832
13.22	0	-0.132676201275499
13.24	0	-0.129822949635166
13.26	0	-0.112703439793166
13.28	0	-0.101290433231833
13.3	0	-0.087024175030166
13.32	0	-0.071331291008333
13.34	0	-0.052785155346166
13.36	0	-0.0385188971445
13.38	0	-0.019972761482333
13.4	0	0
13.42	0	0.011413006561333
13.44	0	0.032812393863833
13.46	0	0.0556384069865
13.48	0	0.067051413547833
13.5	0	0.082744297569666
13.52	0	0.092730678310833
13.54	0	0.109850188152832
13.56	0	0.118409943073832
13.58	0	0.129822949635166
13.6	0	0.134102827095666
13.62	0	0.136956078735999
13.64	0	0.145515833656999
13.66	0	0.141235956196499
13.68	0	0.136956078735999
13.7	0	0.139809330376332
13.72	0	0.132676201275499
13.74	0	0.122689820534332
13.76	0	0.108423562332666
13.78	0	0.101290433231833
13.8	0	0.088450800850333
13.82	0	0.075611168468833
13.84	0	0.059918284447
13.86	0	0.044225400425166
13.88	0	0.034239019684
13.9	0	0.011413006561333
13.92	0	-0.005706503280667
13.94	0	-0.019972761482333
13.96	0	-0.039945522964666
13.98	0	-0.0556384069865
14	0	-0.0727579168285
14.02	0	-0.087024175030166
14.04	0	-0.099863807411666
14.06	0	-0.106996936512499
14.08	0	-0.111276813972999
14.1	0	-0.121263194714166
14.12	0	-0.139809330376332
14.14	0	-0.139809330376332
14.16	0	-0.141235956196499
14.18	0	-0.141235956196499
14.2	0	-0.144089207836832
14.22	0	-0.138382704556166
14.24	0	-0.134102827095666
14.26	0	-0.124116446354499
14.28	0	-0.119836568893999
14.3	0	-0.106996936512499
14.32	0	-0.094157304130999
14.34	0	-0.079891045929333
14.36	0	-0.067051413547833
14.38	0	-0.049931903705833
14.4	0	-0.037092271324333
14.42	0	-0.015692884021833
14.44	0	0
14.46	0	0.019972761482333
14.48	0	0.035665645504166
14.5	0	0.051358529526
14.52	0	0.067051413547833
14.54	0	0.081317671749499
14.56	0	0.089877426670499
14.58	0	0.105570310692333
14.6	0	0.108423562332666
14.62	0	0.119836568893999
14.64	0	0.128396323814999
14.66	0	0.135529452915832
14.68	0	0.138382704556166
14.7	0	0.139809330376332
14.72	0	0.136956078735999
14.74	0	0.132676201275499
14.76	0	0.126969697994832
14.78	0	0.124116446354499
14.8	0	0.109850188152832
14.82	0	0.094157304130999
14.84	0	0.081317671749499
14.86	0	0.069904665188166
14.88	0	0.061344910267166
14.9	0	0.044225400425166
14.92	0	0.025679264763
14.94	0	0.009986380741167
14.96	0	-0.008559754921
14.98	0	-0.017119509842
15	0	-0.044225400425166
15.02	0	-0.057065032806666
15.04	0	-0.069904665188166
15.06	0	-0.082744297569666
15.08	0	-0.098437181591499
15.1	0	-0.105570310692333
15.12	0	-0.108423562332666
15.14	0	-0.115556691433499
15.16	0	-0.121263194714166
15.18	0	-0.132676201275499
15.2	0	-0.135529452915832
15.22	0	-0.134102827095666
15.24	0	-0.135529452915832
15.26	0	-0.126969697994832
15.28	0	-0.129822949635166
15.3	0	-0.121263194714166
15.32	0	-0.109850188152832
15.34	0	-0.101290433231833
15.36	0	-0.087024175030166
15.38	0	-0.077037794288999
15.4	0	-0.062771536087333
15.42	0	-0.044225400425166
15.44	0	-0.034239019684
15.46	0	-0.014266258201667
15.48	0	0.0042798774605
15.5	0	0.017119509842
15.52	0	0.031385768043667
15.54	0	0.0470786520655
15.56	0	0.062771536087333
15.58	0	0.079891045929333
15.6	0	0.087024175030166
15.62	0	0.095583929951166
15.64	0	0.105570310692333
15.66	0	0.116983317253666
15.68	0	0.126969697994832
15.7	0	0.125543072174666
15.72	0	0.129822949635166
15.74	0	0.128396323814999
15.76	0	0.128396323814999
15.78	0	0.122689820534332
15.8	0	0.121263194714166
15.82	0	0.111276813972999
15.84	0	0.101290433231833
15.86	0	0.089877426670499
15.88	0	0.081317671749499
15.9	0	0.069904665188166
15.92	0	0.057065032806666
15.94	0	0.042798774605
15.96	0	0.027105890583167
15.98	0	0.009986380741167
16	0	-0.008559754921
16.02	0	-0.017119509842
16.04	0	-0.0385188971445
16.06	0	-0.057065032806666
16.08	0	-0.069904665188166
16.1	0	-0.078464420109166
16.12	0	-0.094157304130999
16.14	0	-0.102717059051999
16.16	0	-0.108423562332666
16.18	0	-0.114130065613332
16.2	0	-0.118409943073832
16.22	0	-0.119836568893999
16.24	0	-0.125543072174666
16.26	0	-0.128396323814999
16.28	0	-0.128396323814999
16.3	0	-0.121263194714166
16.32	0	-0.124116446354499
16.34	0	-0.114130065613332
16.36	0	-0.108423562332666
16.38	0	-0.095583929951166
16.4	0	-0.085597549209999
16.42	0	-0.069904665188166
16.44	0	-0.0556384069865
16.46	0	-0.0385188971445
16.48	0	-0.028532516403333
16.5	0	-0.014266258201667
16.52	0	0.005706503280667
16.54	0	0.0213993873025
16.56	0	0.0299591422235
16.58	0	0.051358529526
16.6	0	0.058491658626833
16.62	0	0.075611168468833
16.64	0	0.082744297569666
16.66	0	0.089877426670499
16.68	0	0.101290433231833
16.7	0	0.115556691433499
16.72	0	0.111276813972999
16.74	0	0.121263194714166
16.76	0	0.118409943073832
16.78	0	0.125543072174666
16.8	0	0.121263194714166
16.82	0	0.118409943073832
16.84	0	0.109850188152832
16.86	0	0.109850188152832
16.88	0	0.092730678310833
16.9	0	0.088450800850333
16.92	0	0.077037794288999
16.94	0	0.065624787727666
16.96	0	0.048505277885666
16.98	0	0.0385188971445
17	0	0.0213993873025
17.02	0	0.007133129100833
17.04	0	-0.009986380741167
17.06	0	-0.018546135662167
17.08	0	-0.039945522964666
17.1	0	-0.049931903705833
17.12	0	-0.065624787727666
17.14	0	-0.0727579168285
17.16	0	-0.087024175030166
17.18	0	-0.101290433231833
17.2	0	-0.106996936512499
17.22	0	-0.108423562332666
17.24	0	-0.108423562332666
17.26	0	-0.114130065613332
17.28	0	-0.119836568893999
17.3	0	-0.121263194714166
17.32	0	-0.121263194714166
17.34	0	-0.115556691433499
17.36	0	-0.114130065613332
17.38	0	-0.112703439793166
17.4	0	-0.098437181591499
17.42	0	-0.091304052490666
17.44	0	-0.079891045929333
17.46	0	-0.067051413547833
17.48	0	-0.052785155346166
17.5	0	-0.039945522964666
17.52	0	-0.025679264763
17.54	0	-0.0128396323815
17.56	0	0.009986380741167
17.58	0	0.0213993873025
17.6	0	0.032812393863833
17.62	0	0.045652026245333
17.64	0	0.0641981619075
17.66	0	0.069904665188166
17.68	0	0.082744297569666
17.7	0	0.088450800850333
17.72	0	0.101290433231833
17.74	0	0.105570310692333
17.76	0	0.112703439793166
17.78	0	0.111276813972999
17.8	0	0.121263194714166
17.82	0	0.118409943073832
17.84	0	0.115556691433499
17.86	0	0.115556691433499
17.88	0	0.105570310692333
17.9	0	0.098437181591499
17.92	0	0.091304052490666
17.94	0	0.079891045929333
17.96	0	0.074184542648666
17.98	0	0.057065032806666
18	0	0.045652026245333
18.02	0	0.035665645504166
18.04	0	0.022826013122667
18.06	0	0.002853251640333
18.08	0	-0.009986380741167
18.1	0	-0.019972761482333
18.12	0	-0.037092271324333
18.14	0	-0.052785155346166
18.16	0	-0.065624787727666
18.18	0	-0.0727579168285
18.2	0	-0.087024175030166
18.22	0	-0.098437181591499
18.24	0	-0.105570310692333
18.26	0	-0.108423562332666
18.28	0	-0.109850188152832
18.3	0	-0.116983317253666
18.32	0	-0.115556691433499
18.34	0	-0.118409943073832
18.36	0	-0.112703439793166
18.38	0	-0.116983317253666
18.4	0	-0.108423562332666
18.42	0	-0.102717059051999
18.44	0	-0.094157304130999
18.46	0	-0.085597549209999
18.48	0	-0.078464420109166
18.5	0	-0.067051413547833
18.52	0	-0.048505277885666
18.54	0	-0.0385188971445
18.56	0	-0.028532516403333
18.58	0	-0.008559754921
18.6	0	0.0042798774605
18.62	0	0.017119509842
18.64	0	0.027105890583167
18.66	0	0.044225400425166
18.68	0	0.062771536087333
18.7	0	0.0727579168285
18.72	0	0.082744297569666
18.74	0	0.085597549209999
18.76	0	0.092730678310833
18.78	0	0.105570310692333
18.8	0	0.109850188152832
18.82	0	0.112703439793166
18.84	0	0.109850188152832
18.86	0	0.114130065613332
18.88	0	0.112703439793166
18.9	0	0.105570310692333
18.92	0	0.097010555771333
18.94	0	0.094157304130999
18.96	0	0.084170923389833
18.98	0	0.074184542648666
19	0	0.0641981619075
19.02	0	0.058491658626833
19.04	0	0.044225400425166
19.06	0	0.028532516403333
19.08	0	0.015692884021833
19.1	0	0.002853251640333
19.12	0	-0.014266258201667
19.14	0	-0.019972761482333
19.16	0	-0.0385188971445
19.18	0	-0.049931903705833
19.2	0	-0.067051413547833
19.22	0	-0.067051413547833
19.24	0	-0.079891045929333
19.26	0	-0.094157304130999
19.28	0	-0.102717059051999
19.3	0	-0.106996936512499
19.32	0	-0.114130065613332
19.34	0	-0.108423562332666
19.36	0	-0.111276813972999
19.38	0	-0.111276813972999
19.4	0	-0.111276813972999
19.42	0	-0.108423562332666
19.44	0	-0.105570310692333
19.46	0	-0.099863807411666
19.48	0	-0.088450800850333
19.5	0	-0.079891045929333
19.52	0	-0.0727579168285
19.54	0	-0.0556384069865
19.56	0	-0.045652026245333
19.58	0	-0.031385768043667
19.6	0	-0.025679264763
19.62	0	-0.0042798774605
19.64	0	0.008559754921
19.66	0	0.0213993873025
19.68	0	0.028532516403333
19.7	0	0.045652026245333
19.72	0	0.058491658626833
19.74	0	0.069904665188166
19.76	0	0.078464420109166
19.78	0	0.085597549209999
19.8	0	0.087024175030166
19.82	0	0.097010555771333
19.84	0	0.102717059051999
19.86	0	0.104143684872166
19.88	0	0.104143684872166
19.9	0	0.106996936512499
19.92	0	0.105570310692333
19.94	0	0.099863807411666
19.96	0	0.089877426670499
19.98	0	0.088450800850333
20	0	0.082744297569666
20.02	0	0.069904665188166
20.04	0	0.061344910267166
20.06	0	0.051358529526
20.08	0	0.039945522964666
20.1	0	0.028532516403333
20.12	0	0.018546135662167
20.14	0	-0.002853251640333
20.16	0	-0.009986380741167
20.18	0	-0.019972761482333
20.2	0	-0.039945522964666
20.22	0	-0.049931903705833
20.24	0	-0.0641981619075
20.26	0	-0.071331291008333
20.28	0	-0.082744297569666
20.3	0	-0.088450800850333
20.32	0	-0.099863807411666
20.34	0	-0.105570310692333
20.36	0	-0.108423562332666
20.38	0	-0.108423562332666
20.4	0	-0.108423562332666
20.42	0	-0.111276813972999
20.44	0	-0.108423562332666
20.46	0	-0.105570310692333
20.48	0	-0.097010555771333
20.5	0	-0.097010555771333
20.52	0	-0.082744297569666
20.54	0	-0.081317671749499
20.56	0	-0.067051413547833
20.58	0	-0.051358529526
20.6	0	-0.041372148784833
20.62	0	-0.028532516403333
20.64	0	-0.0213993873025
20.66	0	-0.007133129100833
20.68	0	0.007133129100833
20.7	0	0.0213993873025
20.72	0	0.032812393863833
20.74	0	0.045652026245333
20.76	0	0.057065032806666
20.78	0	0.068478039368
20.8	0	0.074184542648666
20.82	0	0.082744297569666
20.84	0	0.085597549209999
20.86	0	0.094157304130999
20.88	0	0.101290433231833
20.9	0	0.098437181591499
20.92	0	0.104143684872166
20.94	0	0.102717059051999
20.96	0	0.098437181591499
20.98	0	0.091304052490666
21	0	0.089877426670499
21.02	0	0.082744297569666
21.04	0	0.075611168468833
21.06	0	0.068478039368
21.08	0	0.058491658626833
21.1	0	0.044225400425166
21.12	0	0.0385188971445
21.14	0	0.025679264763
21.16	0	0.008559754921
21.18	0	-0.002853251640333
21.2	0	-0.011413006561333
21.22	0	-0.0213993873025
21.24	0	-0.0385188971445
21.26	0	-0.0470786520655
21.28	0	-0.057065032806666
21.3	0	-0.069904665188166
21.32	0	-0.084170923389833
21.34	0	-0.084170923389833
21.36	0	-0.094157304130999
21.38	0	-0.102717059051999
21.4	0	-0.108423562332666
21.42	0	-0.104143684872166
21.44	0	-0.105570310692333
21.46	0	-0.104143684872166
21.48	0	-0.102717059051999
21.5	0	-0.097010555771333
21.52	0	-0.091304052490666
21.54	0	-0.082744297569666
21.56	0	-0.081317671749499
21.58	0	-0.068478039368
21.6	0	-0.061344910267166
21.62	0	-0.048505277885666
21.64	0	-0.039945522964666
21.66	0	-0.027105890583167
21.68	0	-0.014266258201667
21.7	0	0.002853251640333
21.72	0	0.007133129100833
21.74	0	0.025679264763
21.76	0	0.032812393863833
21.78	0	0.045652026245333
21.8	0	0.057065032806666
21.82	0	0.068478039368
21.84	0	0.0727579168285
21.86	0	0.081317671749499
21.88	0	0.084170923389833
21.9	0	0.087024175030166
21.92	0	0.088450800850333
21.94	0	0.097010555771333
21.96	0	0.097010555771333
21.98	0	0.098437181591499
22	0	0.089877426670499
22.02	0	0.087024175030166
22.04	0	0.085597549209999
22.06	0	0.077037794288999
22.08	0	0.069904665188166
22.1	0	0.065624787727666
22.12	0	0.054211781166333
22.14	0	0.044225400425166
22.16	0	0.032812393863833
22.18	0	0.018546135662167
22.2	0	0.008559754921
22.22	0	-0.0042798774605
22.24	0	-0.017119509842
22.26	0	-0.022826013122667
22.28	0	-0.0385188971445
22.3	0	-0.049931903705833
22.32	0	-0.059918284447
22.34	0	-0.068478039368
22.36	0	-0.078464420109166
22.38	0	-0.082744297569666
22.4	0	-0.092730678310833
22.42	0	-0.094157304130999
22.44	0	-0.098437181591499
22.46	0	-0.099863807411666
22.48	0	-0.104143684872166
22.5	0	-0.102717059051999
22.52	0	-0.098437181591499
22.54	0	-0.097010555771333
22.56	0	-0.089877426670499
22.58	0	-0.081317671749499
22.6	0	-0.078464420109166
22.62	0	-0.067051413547833
22.64	0	-0.052785155346166
22.66	0	-0.0470786520655
22.68	0	-0.0385188971445
22.7	0	-0.0213993873025
22.72	0	-0.014266258201667
22.74	0	0.002853251640333
22.76	0	0.0128396323815
22.78	0	0.024252638942833
22.8	0	0.032812393863833
22.82	0	0.049931903705833
22.84	0	0.057065032806666
22.86	0	0.062771536087333
22.88	0	0.075611168468833
22.9	0	0.081317671749499
22.92	0	0.087024175030166
22.94	0	0.085597549209999
22.96	0	0.089877426670499
22.98	0	0.087024175030166
23	0	0.089877426670499
23.02	0	0.091304052490666
23.04	0	0.089877426670499
23.06	0	0.085597549209999
23.08	0	0.078464420109166
23.1	0	0.074184542648666
23.12	0	0.069904665188166
23.14	0	0.062771536087333
23.16	0	0.0470786520655
23.18	0	0.042798774605
23.2	0	0.032812393863833
23.22	0	0.018546135662167
23.24	0	0.001426625820167
23.26	0	-0.002853251640333
23.28	0	-0.015692884021833
23.3	0	-0.025679264763
23.32	0	-0.039945522964666
23.34	0	-0.048505277885666
23.36	0	-0.058491658626833
23.38	0	-0.067051413547833
23.4	0	-0.074184542648666
23.42	0	-0.079891045929333
23.44	0	-0.085597549209999
23.46	0	-0.091304052490666
23.48	0	-0.095583929951166
23.5	0	-0.092730678310833
23.52	0	-0.097010555771333
23.54	0	-0.091304052490666
23.56	0	-0.089877426670499
23.58	0	-0.087024175030166
23.6	0	-0.082744297569666
23.62	0	-0.081317671749499
23.64	0	-0.071331291008333
23.66	0	-0.058491658626833
23.68	0	-0.052785155346166
23.7	0	-0.039945522964666
23.72	0	-0.034239019684
23.74	0	-0.017119509842
23.76	0	-0.008559754921
23.78	0	0
23.8	0	0.014266258201667
23.82	0	0.028532516403333
23.84	0	0.039945522964666
23.86	0	0.0470786520655
23.88	0	0.052785155346166
23.9	0	0.0641981619075
23.92	0	0.0727579168285
23.94	0	0.081317671749499
23.96	0	0.079891045929333
23.98	0	0.084170923389833
24	0	0.085597549209999
24.02	0	0.085597549209999
24.04	0	0.085597549209999
24.06	0	0.085597549209999
24.08	0	0.082744297569666
24.1	0	0.084170923389833
24.12	0	0.074184542648666
24.14	0	0.071331291008333
24.16	0	0.059918284447
24.18	0	0.057065032806666
24.2	0	0.045652026245333
24.22	0	0.032812393863833
24.24	0	0.027105890583167
24.26	0	0.018546135662167
24.28	0	0.0042798774605
24.3	0	-0.0042798774605
24.32	0	-0.022826013122667
24.34	0	-0.027105890583167
24.36	0	-0.039945522964666
24.38	0	-0.0470786520655
24.4	0	-0.057065032806666
24.42	0	-0.0641981619075
24.44	0	-0.0727579168285
24.46	0	-0.082744297569666
24.48	0	-0.081317671749499
24.5	0	-0.089877426670499
24.52	0	-0.091304052490666
24.54	0	-0.091304052490666
24.56	0	-0.091304052490666
24.58	0	-0.088450800850333
24.6	0	-0.087024175030166
24.62	0	-0.081317671749499
24.64	0	-0.081317671749499
24.66	0	-0.0727579168285
24.68	0	-0.061344910267166
24.7	0	-0.057065032806666
24.72	0	-0.048505277885666
24.74	0	-0.034239019684
24.76	0	-0.024252638942833
24.78	0	-0.008559754921
24.8	0	-0.005706503280667
24.82	0	0.0042798774605
24.84	0	0.014266258201667
24.86	0	0.025679264763
24.88	0	0.031385768043667
24.9	0	0.048505277885666
24.92	0	0.0556384069865
24.94	0	0.061344910267166
24.96	0	0.068478039368
24.98	0	0.077037794288999
25	0	0.081317671749499
25.02	0	0.082744297569666
25.04	0	0.081317671749499
25.06	0	0.085597549209999
25.08	0	0.084170923389833
25.1	0	0.084170923389833
25.12	0	0.084170923389833
25.14	0	0.081317671749499
25.16	0	0.071331291008333
25.18	0	0.065624787727666
25.2	0	0.058491658626833
25.22	0	0.0556384069865
25.24	0	0.039945522964666
25.26	0	0.0299591422235
25.28	0	0.022826013122667
25.3	0	0.0128396323815
25.32	0	-0.002853251640333
25.34	0	-0.008559754921
25.36	0	-0.025679264763
25.38	0	-0.0299591422235
25.4	0	-0.0385188971445
25.42	0	-0.044225400425166
25.44	0	-0.0556384069865
25.46	0	-0.062771536087333
25.48	0	-0.0727579168285
25.5	0	-0.078464420109166
25.52	0	-0.082744297569666
25.54	0	-0.082744297569666
25.56	0	-0.088450800850333
25.58	0	-0.085597549209999
25.6	0	-0.082744297569666
25.62	0	-0.085597549209999
25.64	0	-0.085597549209999
25.66	0	-0.079891045929333
25.68	0	-0.078464420109166
25.7	0	-0.068478039368
25.72	0	-0.061344910267166
25.74	0	-0.054211781166333
25.76	0	-0.045652026245333
25.78	0	-0.031385768043667
25.8	0	-0.025679264763
25.82	0	-0.014266258201667
25.84	0	-0.002853251640333
25.86	0	0.002853251640333
25.88	0	0.015692884021833
25.9	0	0.027105890583167
25.92	0	0.032812393863833
25.94	0	0.044225400425166
25.96	0	0.0556384069865
25.98	0	0.062771536087333
26	0	0.062771536087333
26.02	0	0.0727579168285
26.04	0	0.071331291008333
26.06	0	0.077037794288999
26.08	0	0.079891045929333
26.1	0	0.082744297569666
26.12	0	0.081317671749499
26.14	0	0.084170923389833
26.16	0	0.071331291008333
26.18	0	0.0727579168285
26.2	0	0.065624787727666
26.22	0	0.057065032806666
26.24	0	0.058491658626833
26.26	0	0.045652026245333
26.28	0	0.032812393863833
26.3	0	0.028532516403333
26.32	0	0.022826013122667
26.34	0	0.009986380741167
26.36	0	0.001426625820167
26.38	0	-0.007133129100833
26.4	0	-0.0213993873025
26.42	0	-0.031385768043667
26.44	0	-0.0385188971445
26.46	0	-0.045652026245333
26.48	0	-0.052785155346166
26.5	0	-0.0641981619075
26.52	0	-0.068478039368
26.54	0	-0.069904665188166
26.56	0	-0.075611168468833
26.58	0	-0.079891045929333
26.6	0	-0.079891045929333
26.62	0	-0.081317671749499
26.64	0	-0.079891045929333
26.66	0	-0.077037794288999
26.68	0	-0.074184542648666
26.7	0	-0.071331291008333
26.72	0	-0.067051413547833
26.74	0	-0.0641981619075
26.76	0	-0.057065032806666
26.78	0	-0.051358529526
26.8	0	-0.042798774605
26.82	0	-0.025679264763
26.84	0	-0.017119509842
26.86	0	-0.009986380741167
26.88	0	-0.0042798774605
26.9	0	0.005706503280667
26.92	0	0.014266258201667
26.94	0	0.028532516403333
26.96	0	0.0299591422235
26.98	0	0.041372148784833
27	0	0.052785155346166
27.02	0	0.057065032806666
27.04	0	0.062771536087333
27.06	0	0.074184542648666
27.08	0	0.071331291008333
27.1	0	0.075611168468833
27.12	0	0.077037794288999
27.14	0	0.079891045929333
27.16	0	0.074184542648666
27.18	0	0.078464420109166
27.2	0	0.069904665188166
27.22	0	0.068478039368
27.24	0	0.062771536087333
27.26	0	0.057065032806666
27.28	0	0.051358529526
27.3	0	0.048505277885666
27.32	0	0.027105890583167
27.34	0	0.0299591422235
27.36	0	0.0128396323815
27.38	0	0.007133129100833
27.4	0	-0.002853251640333
27.42	0	-0.009986380741167
27.44	0	-0.025679264763
27.46	0	-0.028532516403333
27.48	0	-0.039945522964666
27.5	0	-0.044225400425166
27.52	0	-0.0556384069865
27.54	0	-0.061344910267166
27.56	0	-0.062771536087333
27.58	0	-0.067051413547833
27.6	0	-0.069904665188166
27.62	0	-0.075611168468833
27.64	0	-0.077037794288999
27.66	0	-0.0727579168285
27.68	0	-0.0727579168285
27.7	0	-0.069904665188166
27.72	0	-0.074184542648666
27.74	0	-0.067051413547833
27.76	0	-0.0641981619075
27.78	0	-0.061344910267166
27.8	0	-0.0556384069865
27.82	0	-0.041372148784833
27.84	0	-0.035665645504166
27.86	0	-0.019972761482333
27.88	0	-0.018546135662167
27.9	0	-0.011413006561333
27.92	0	0
27.94	0	0.009986380741167
27.96	0	0.0213993873025
27.98	0	0.027105890583167
28	0	0.032812393863833
28.02	0	0.039945522964666
28.04	0	0.051358529526
28.06	0	0.059918284447
28.08	0	0.061344910267166
28.1	0	0.0641981619075
28.12	0	0.068478039368
28.14	0	0.0727579168285
28.16	0	0.069904665188166
28.18	0	0.071331291008333
28.2	0	0.0727579168285
28.22	0	0.071331291008333
28.24	0	0.068478039368
28.26	0	0.061344910267166
28.28	0	0.057065032806666
28.3	0	0.051358529526
28.32	0	0.0470786520655
28.34	0	0.034239019684
28.36	0	0.0299591422235
28.38	0	0.018546135662167
28.4	0	0.011413006561333
28.42	0	0.005706503280667
28.44	0	-0.002853251640333
28.46	0	-0.014266258201667
28.48	0	-0.025679264763
28.5	0	-0.027105890583167
28.52	0	-0.037092271324333
28.54	0	-0.042798774605
28.56	0	-0.052785155346166
28.58	0	-0.059918284447
28.6	0	-0.065624787727666
28.62	0	-0.068478039368
28.64	0	-0.069904665188166
28.66	0	-0.069904665188166
28.68	0	-0.074184542648666
28.7	0	-0.071331291008333
28.72	0	-0.0727579168285
28.74	0	-0.068478039368
28.76	0	-0.065624787727666
28.78	0	-0.065624787727666
28.8	0	-0.0641981619075
28.82	0	-0.0556384069865
28.84	0	-0.0470786520655
28.86	0	-0.035665645504166
28.88	0	-0.0299591422235
28.9	0	-0.015692884021833
28.92	0	-0.011413006561333
28.94	0	-0.008559754921
28.96	0	-0.002853251640333
28.98	0	0.011413006561333
29	0	0.019972761482333
29.02	0	0.027105890583167
29.04	0	0.031385768043667
29.06	0	0.044225400425166
29.08	0	0.045652026245333
29.1	0	0.054211781166333
29.12	0	0.057065032806666
29.14	0	0.061344910267166
29.16	0	0.065624787727666
29.18	0	0.067051413547833
29.2	0	0.068478039368
29.22	0	0.069904665188166
29.24	0	0.068478039368
29.26	0	0.062771536087333
29.28	0	0.065624787727666
29.3	0	0.058491658626833
29.32	0	0.051358529526
29.34	0	0.052785155346166
29.36	0	0.042798774605
29.38	0	0.032812393863833
29.4	0	0.027105890583167
29.42	0	0.0213993873025
29.44	0	0.005706503280667
29.46	0	0.002853251640333
29.48	0	-0.0042798774605
29.5	0	-0.014266258201667
29.52	0	-0.025679264763
29.54	0	-0.0299591422235
29.56	0	-0.039945522964666
29.58	0	-0.0470786520655
29.6	0	-0.049931903705833
29.62	0	-0.052785155346166
29.64	0	-0.062771536087333
29.66	0	-0.067051413547833
29.68	0	-0.068478039368
29.7	0	-0.067051413547833
29.72	0	-0.068478039368
29.74	0	-0.069904665188166
29.76	0	-0.068478039368
29.78	0	-0.067051413547833
29.8	0	-0.067051413547833
29.82	0	-0.062771536087333
29.84	0	-0.061344910267166
29.86	0	-0.049931903705833
29.88	0	-0.042798774605
29.9	0	-0.034239019684
29.92	0	-0.024252638942833
29.94	0	-0.015692884021833
29.96	0	-0.011413006561333
29.98	0	-0.008559754921
30	0	-0.001426625820167
30.02	0	0.0042798774605
30.04	0	0.018546135662167
30.06	0	0.028532516403333
30.08	0	0.031385768043667
30.1	0	0.039945522964666
30.12	0	0.051358529526
30.14	0	0.057065032806666
30.16	0	0.057065032806666
30.18	0	0.057065032806666
30.2	0	0.061344910267166
30.22	0	0.061344910267166
30.24	0	0.062771536087333
30.26	0	0.062771536087333
30.28	0	0.061344910267166
30.3	0	0.059918284447
30.32	0	0.061344910267166
30.34	0	0.054211781166333
30.36	0	0.049931903705833
30.38	0	0.042798774605
30.4	0	0.032812393863833
30.42	0	0.0299591422235
30.44	0	0.024252638942833
30.46	0	0.0128396323815
30.48	0	0.002853251640333
30.5	0	0.001426625820167
30.52	0	-0.009986380741167
30.54	0	-0.019972761482333
30.56	0	-0.022826013122667
30.58	0	-0.028532516403333
30.6	0	-0.039945522964666
30.62	0	-0.042798774605
30.64	0	-0.049931903705833
30.66	0	-0.0470786520655
30.68	0	-0.061344910267166
30.7	0	-0.0641981619075
30.72	0	-0.067051413547833
30.74	0	-0.067051413547833
30.76	0	-0.065624787727666
30.78	0	-0.067051413547833
30.8	0	-0.065624787727666
30.82	0	-0.065624787727666
30.84	0	-0.061344910267166
30.86	0	-0.057065032806666
30.88	0	-0.054211781166333
30.9	0	-0.045652026245333
30.92	0	-0.041372148784833
30.94	0	-0.027105890583167
30.96	0	-0.0213993873025
30.98	0	-0.014266258201667
31	0	-0.008559754921
31.02	0	-0.005706503280667
31.04	0	0.0042798774605
31.06	0	0.0128396323815
31.08	0	0.0213993873025
31.1	0	0.031385768043667
31.12	0	0.028532516403333
31.14	0	0.039945522964666
31.16	0	0.0470786520655
31.18	0	0.051358529526
31.2	0	0.0556384069865
31.22	0	0.057065032806666
31.24	0	0.057065032806666
31.26	0	0.059918284447
31.28	0	0.058491658626833
31.3	0	0.057065032806666
31.32	0	0.058491658626833
31.34	0	0.059918284447
31.36	0	0.054211781166333
31.38	0	0.054211781166333
31.4	0	0.042798774605
31.42	0	0.0385188971445
31.44	0	0.032812393863833
31.46	0	0.027105890583167
31.48	0	0.018546135662167
31.5	0	0.009986380741167
31.52	0	0.005706503280667
31.54	0	0.001426625820167
31.56	0	-0.014266258201667
31.58	0	-0.015692884021833
31.6	0	-0.024252638942833
31.62	0	-0.027105890583167
31.64	0	-0.035665645504166
31.66	0	-0.039945522964666
31.68	0	-0.044225400425166
31.7	0	-0.049931903705833
31.72	0	-0.0556384069865
31.74	0	-0.058491658626833
31.76	0	-0.061344910267166
31.78	0	-0.0641981619075
31.8	0	-0.062771536087333
31.82	0	-0.0641981619075
31.84	0	-0.0641981619075
31.86	0	-0.061344910267166
31.88	0	-0.0556384069865
31.9	0	-0.049931903705833
31.92	0	-0.049931903705833
31.94	0	-0.037092271324333
31.96	0	-0.034239019684
31.98	0	-0.025679264763
32	0	-0.019972761482333
32.02	0	-0.014266258201667
32.04	0	-0.009986380741167
32.06	0	-0.002853251640333
32.08	0	0.002853251640333
32.1	0	0.009986380741167
32.12	0	0.017119509842
32.14	0	0.024252638942833
32.16	0	0.027105890583167
32.18	0	0.035665645504166
32.2	0	0.039945522964666
32.22	0	0.048505277885666
32.24	0	0.051358529526
32.26	0	0.057065032806666
32.28	0	0.057065032806666
32.3	0	0.057065032806666
32.32	0	0.057065032806666
32.34	0	0.057065032806666
32.36	0	0.0556384069865
32.38	0	0.054211781166333
32.4	0	0.051358529526
32.42	0	0.045652026245333
32.44	0	0.035665645504166
32.46	0	0.034239019684
32.48	0	0.025679264763
32.5	0	0.024252638942833
32.52	0	0.017119509842
32.54	0	0.007133129100833
32.56	0	0.005706503280667
32.58	0	-0.002853251640333
32.6	0	-0.014266258201667
32.62	0	-0.019972761482333
32.64	0	-0.024252638942833
32.66	0	-0.028532516403333
32.68	0	-0.035665645504166
32.7	0	-0.039945522964666
32.72	0	-0.044225400425166
32.74	0	-0.044225400425166
32.76	0	-0.049931903705833
32.78	0	-0.0556384069865
32.8	0	-0.0556384069865
32.82	0	-0.0641981619075
32.84	0	-0.061344910267166
32.86	0	-0.058491658626833
32.88	0	-0.0556384069865
32.9	0	-0.057065032806666
32.92	0	-0.052785155346166
32.94	0	-0.048505277885666
32.96	0	-0.044225400425166
32.98	0	-0.0385188971445
33	0	-0.031385768043667
33.02	0	-0.018546135662167
33.04	0	-0.019972761482333
33.06	0	-0.0128396323815
33.08	0	-0.008559754921
33.1	0	-0.002853251640333
33.12	0	0.002853251640333
33.14	0	0.009986380741167
33.16	0	0.017119509842
33.18	0	0.024252638942833
33.2	0	0.031385768043667
33.22	0	0.032812393863833
33.24	0	0.037092271324333
33.26	0	0.045652026245333
33.28	0	0.051358529526
33.3	0	0.052785155346166
33.32	0	0.051358529526
33.34	0	0.0556384069865
33.36	0	0.0556384069865
33.38	0	0.057065032806666
33.4	0	0.051358529526
33.42	0	0.0470786520655
33.44	0	0.045652026245333
33.46	0	0.042798774605
33.48	0	0.034239019684
33.5	0	0.031385768043667
33.52	0	0.027105890583167
33.54	0	0.022826013122667
33.56	0	0.0128396323815
33.58	0	0.007133129100833
33.6	0	0.002853251640333
33.62	0	-0.002853251640333
33.64	0	-0.009986380741167
33.66	0	-0.017119509842
33.68	0	-0.025679264763
33.7	0	-0.025679264763
33.72	0	-0.035665645504166
33.74	0	-0.0385188971445
33.76	0	-0.044225400425166
33.78	0	-0.045652026245333
33.8	0	-0.049931903705833
33.82	0	-0.0470786520655
33.84	0	-0.0556384069865
33.86	0	-0.051358529526
33.88	0	-0.0556384069865
33.9	0	-0.058491658626833
33.92	0	-0.0556384069865
33.94	0	-0.045652026245333
33.96	0	-0.0470786520655
33.98	0	-0.044225400425166
34	0	-0.042798774605
34.02	0	-0.031385768043667
34.04	0	-0.025679264763
34.06	0	-0.019972761482333
34.08	0	-0.014266258201667
34.1	0	-0.008559754921
34.12	0	-0.0042798774605
34.14	0	-0.002853251640333
34.16	0	0.002853251640333
34.18	0	0.007133129100833
34.2	0	0.017119509842
34.22	0	0.022826013122667
34.24	0	0.027105890583167
34.26	0	0.034239019684
34.28	0	0.032812393863833
34.3	0	0.044225400425166
34.32	0	0.044225400425166
34.34	0	0.051358529526
34.36	0	0.048505277885666
34.38	0	0.048505277885666
34.4	0	0.051358529526
34.42	0	0.051358529526
34.44	0	0.0470786520655
34.46	0	0.041372148784833
34.48	0	0.039945522964666
34.5	0	0.034239019684
34.52	0	0.028532516403333
34.54	0	0.031385768043667
34.56	0	0.024252638942833
34.58	0	0.019972761482333
34.6	0	0.014266258201667
34.62	0	0.008559754921
34.64	0	0.002853251640333
34.66	0	-0.001426625820167
34.68	0	-0.014266258201667
34.7	0	-0.022826013122667
34.72	0	-0.022826013122667
34.74	0	-0.025679264763
34.76	0	-0.031385768043667
34.78	0	-0.037092271324333
34.8	0	-0.041372148784833
34.82	0	-0.041372148784833
34.84	0	-0.049931903705833
34.86	0	-0.045652026245333
34.88	0	-0.051358529526
34.9	0	-0.052785155346166
34.92	0	-0.048505277885666
34.94	0	-0.049931903705833
34.96	0	-0.048505277885666
34.98	0	-0.042798774605
35	0	-0.045652026245333
35.02	0	-0.039945522964666
35.04	0	-0.037092271324333
35.06	0	-0.024252638942833
35.08	0	-0.022826013122667
35.1	0	-0.014266258201667
35.12	0	-0.015692884021833
35.14	0	-0.009986380741167
35.16	0	-0.007133129100833
35.18	0	-0.005706503280667
35.2	0	0.005706503280667
35.22	0	0.014266258201667
35.24	0	0.019972761482333
35.26	0	0.025679264763
35.28	0	0.027105890583167
35.3	0	0.0299591422235
35.32	0	0.032812393863833
35.34	0	0.0385188971445
35.36	0	0.0385188971445
35.38	0	0.044225400425166